01001	01	アマランサス　玄穀
01002	01	あわ　精白粒
01003	01	あわ　あわもち
01004	01	えんばく　オートミール
01005	01	おおむぎ　七分つき押麦
01006	01	おおむぎ　押麦　乾
01007	01	おおむぎ　米粒麦
01008	01	おおむぎ　大麦めん　乾
01009	01	おおむぎ　大麦めん　ゆで
01010	01	おおむぎ　麦こがし
01011	01	きび　精白粒
01012	01	こむぎ　［玄穀］　国産　普通
01013	01	こむぎ　［玄穀］　輸入　軟質
01014	01	こむぎ　［玄穀］　輸入　硬質
01015	01	こむぎ　［小麦粉］　薄力粉　1等
01016	01	こむぎ　［小麦粉］　薄力粉　2等
01018	01	こむぎ　［小麦粉］　中力粉　1等
01019	01	こむぎ　［小麦粉］　中力粉　2等
01020	01	こむぎ　［小麦粉］　強力粉　1等
01021	01	こむぎ　［小麦粉］　強力粉　2等
01023	01	こむぎ　［小麦粉］　強力粉　全粒粉
01024	01	こむぎ　［小麦粉］　プレミックス粉　ホットケーキ用
01025	01	こむぎ　［小麦粉］　プレミックス粉　天ぷら用
01026	01	こむぎ　［パン類］　角形食パン　食パン
01028	01	こむぎ　［パン類］　コッペパン
01030	01	こむぎ　［パン類］　乾パン
01031	01	こむぎ　［パン類］　フランスパン
01032	01	こむぎ　［パン類］　ライ麦パン
01033	01	こむぎ　［パン類］　ぶどうパン
01034	01	こむぎ　［パン類］　ロールパン
01035	01	こむぎ　［パン類］　クロワッサン　リッチタイプ
01036	01	こむぎ　［パン類］　イングリッシュマフィン
01037	01	こむぎ　［パン類］　ナン
01038	01	こむぎ　［うどん・そうめん類］　うどん　生
01039	01	こむぎ　［うどん・そうめん類］　うどん　ゆで
01041	01	こむぎ　［うどん・そうめん類］　干しうどん　乾
01042	01	こむぎ　［うどん・そうめん類］　干しうどん　ゆで
01043	01	こむぎ　［うどん・そうめん類］　そうめん・ひやむぎ　乾
01044	01	こむぎ　［うどん・そうめん類］　そうめん・ひやむぎ　ゆで
01045	01	こむぎ　［うどん・そうめん類］　手延そうめん・手延ひやむぎ　乾
01046	01	こむぎ　［うどん・そうめん類］　手延そうめん・手延ひやむぎ　ゆで
01047	01	こむぎ　［中華めん類］　中華めん　生
01048	01	こむぎ　［中華めん類］　中華めん　ゆで
01049	01	こむぎ　［中華めん類］　蒸し中華めん　蒸し中華めん
01050	01	こむぎ　［中華めん類］　干し中華めん　乾
01051	01	こむぎ　［中華めん類］　干し中華めん　ゆで
01052	01	こむぎ　［中華めん類］　沖縄そば　生
01053	01	こむぎ　［中華めん類］　沖縄そば　ゆで
01054	01	こむぎ　［中華めん類］　干し沖縄そば　乾
01055	01	こむぎ　［中華めん類］　干し沖縄そば　ゆで
01056	01	こむぎ　［即席めん類］　即席中華めん　油揚げ味付け
01057	01	こむぎ　［即席めん類］　即席中華めん　油揚げ　乾　（添付調味料等を含むもの）
01058	01	こむぎ　［即席めん類］　即席中華めん　非油揚げ　乾　（添付調味料等を含むもの）
01060	01	こむぎ　［即席めん類］　中華スタイル即席カップめん　油揚げ　焼きそば　乾　（添付調味料等を含むもの）
01061	01	こむぎ　［即席めん類］　中華スタイル即席カップめん　非油揚げ　乾　（添付調味料等を含むもの）
01062	01	こむぎ　［即席めん類］　和風スタイル即席カップめん　油揚げ　乾　（添付調味料等を含むもの）
01063	01	こむぎ　［マカロニ・スパゲッティ類］　マカロニ・スパゲッティ　乾
01064	01	こむぎ　［マカロニ・スパゲッティ類］　マカロニ・スパゲッティ　ゆで
01065	01	こむぎ　［ふ類］　生ふ
01066	01	こむぎ　［ふ類］　焼きふ　釜焼きふ
01067	01	こむぎ　［ふ類］　焼きふ　板ふ
01068	01	こむぎ　［ふ類］　焼きふ　車ふ
01069	01	こむぎ　［その他］　ちくわぶ
01070	01	こむぎ　［その他］　小麦はいが
01071	01	こむぎ　［その他］　小麦たんぱく　粉末状
01072	01	こむぎ　［その他］　小麦たんぱく　粒状
01073	01	こむぎ　［その他］　小麦たんぱく　ペースト状
01074	01	こむぎ　［その他］　ぎょうざの皮　生
01075	01	こむぎ　［その他］　しゅうまいの皮　生
01076	01	こむぎ　［その他］　ピザ生地
01077	01	こむぎ　［その他］　パン粉　生
01078	01	こむぎ　［その他］　パン粉　半生
01079	01	こむぎ　［その他］　パン粉　乾燥
01080	01	こめ　［水稲穀粒］　玄米
01081	01	こめ　［水稲穀粒］　半つき米
01082	01	こめ　［水稲穀粒］　七分つき米
01083	01	こめ　［水稲穀粒］　精白米　うるち米
01084	01	こめ　［水稲穀粒］　はいが精米
01085	01	こめ　［水稲めし］　玄米
01086	01	こめ　［水稲めし］　半つき米
01087	01	こめ　［水稲めし］　七分つき米
01088	01	こめ　［水稲めし］　精白米　うるち米
01089	01	こめ　［水稲めし］　はいが精米
01090	01	こめ　［水稲全かゆ］　玄米
01091	01	こめ　［水稲全かゆ］　半つき米
01092	01	こめ　［水稲全かゆ］　七分つき米
01093	01	こめ　［水稲全かゆ］　精白米
01094	01	こめ　［水稲五分かゆ］　玄米
01095	01	こめ　［水稲五分かゆ］　半つき米
01096	01	こめ　［水稲五分かゆ］　七分つき米
01097	01	こめ　［水稲五分かゆ］　精白米
01098	01	こめ　［水稲おもゆ］　玄米
01099	01	こめ　［水稲おもゆ］　半つき米
01100	01	こめ　［水稲おもゆ］　七分つき米
01101	01	こめ　［水稲おもゆ］　精白米
01102	01	こめ　［陸稲穀粒］　玄米
01103	01	こめ　［陸稲穀粒］　半つき米
01104	01	こめ　［陸稲穀粒］　七分つき米
01105	01	こめ　［陸稲穀粒］　精白米
01106	01	こめ　［陸稲めし］　玄米
01107	01	こめ　［陸稲めし］　半つき米
01108	01	こめ　［陸稲めし］　七分つき米
01109	01	こめ　［陸稲めし］　精白米
01110	01	こめ　［うるち米製品］　アルファ化米　一般用
01111	01	こめ　［うるち米製品］　おにぎり
01112	01	こめ　［うるち米製品］　焼きおにぎり
01113	01	こめ　［うるち米製品］　きりたんぽ
01114	01	こめ　［うるち米製品］　上新粉
01115	01	こめ　［うるち米製品］　ビーフン
01116	01	こめ　［うるち米製品］　米こうじ
01117	01	こめ　［もち米製品］　もち
01118	01	こめ　［もち米製品］　赤飯
01119	01	こめ　［もち米製品］　あくまき
01120	01	こめ　［もち米製品］　白玉粉
01121	01	こめ　［もち米製品］　道明寺粉
01122	01	そば　そば粉　全層粉
01123	01	そば　そば粉　内層粉
01124	01	そば　そば粉　中層粉
01125	01	そば　そば粉　表層粉
01126	01	そば　そば米
01127	01	そば　そば　生
01128	01	そば　そば　ゆで
01129	01	そば　干しそば　乾
01130	01	そば　干しそば　ゆで
01131	01	とうもろこし　玄穀　黄色種
01132	01	とうもろこし　コーンミール　黄色種
01133	01	とうもろこし　コーングリッツ　黄色種
01134	01	とうもろこし　コーンフラワー　黄色種
01135	01	とうもろこし　ジャイアントコーン　フライ　味付け
01136	01	とうもろこし　ポップコーン
01137	01	とうもろこし　コーンフレーク
01138	01	はとむぎ　精白粒
01139	01	ひえ　精白粒
01140	01	もろこし　玄穀
01141	01	もろこし　精白粒
01142	01	ライむぎ　全粒粉
01143	01	ライむぎ　ライ麦粉
01144	01	こむぎ　［即席めん類］　即席中華めん　油揚げ　乾　（添付調味料等を含まないもの）
01145	01	こむぎ　［即席めん類］　即席中華めん　非油揚げ　乾　（添付調味料等を含まないもの）
01146	01	こむぎ　［小麦粉］　プレミックス粉　お好み焼き用
01147	01	こむぎ　［小麦粉］　プレミックス粉　から揚げ用
01148	01	こむぎ　［パン類］　ベーグル
01149	01	こむぎ　［マカロニ・スパゲッティ類］　生パスタ　生
01150	01	こむぎ　［その他］　冷めん　生
01151	01	こめ　［水稲穀粒］　精白米　もち米
01152	01	こめ　［水稲穀粒］　精白米　インディカ米
01153	01	こめ　［水稲穀粒］　発芽玄米
01154	01	こめ　［水稲めし］　精白米　もち米
01155	01	こめ　［水稲めし］　発芽玄米
01156	01	こめ　［うるち米製品］　アルファ化米　学校給食用強化品
01157	01	こめ　［うるち米製品］　玄米粉
01158	01	こめ　［うるち米製品］　米粉
01159	01	こめ　［うるち米製品］　米粉パン　小麦グルテン不使用のもの
01160	01	こめ　［うるち米製品］　米粉めん
01161	01	こめ　［その他］　米ぬか
01162	01	とうもろこし　玄穀　白色種
01163	01	とうもろこし　コーンミール　白色種
01164	01	とうもろこし　コーングリッツ　白色種
01165	01	とうもろこし　コーンフラワー　白色種
01167	01	キヌア　玄穀
01168	01	こめ　［水稲めし］　精白米　インディカ米
01169	01	こめ　［うるち米製品］　ライスペーパー
01170	01	おおむぎ　押麦　めし
01171	01	こむぎ　［小麦粉］　プレミックス粉　天ぷら用　バッター
01172	01	こむぎ　［小麦粉］　プレミックス粉　天ぷら用　バッター　揚げ
01173	01	こむぎ　［マカロニ・スパゲッティ類］　マカロニ・スパゲッティ　ソテー
01174	01	こむぎ　［パン類］　角形食パン　焼き
01175	01	こむぎ　［パン類］　角形食パン　耳を除いたもの
01176	01	こむぎ　［パン類］　角形食パン　耳
01177	01	こむぎ　［ふ類］　油ふ
01178	01	こむぎ　［その他］　かやきせんべい
01179	01	こむぎ　［その他］　春巻きの皮　生
01180	01	こむぎ　［その他］　春巻きの皮　揚げ
01181	01	こめ　［水稲穀粒］　赤米
01182	01	こめ　［水稲穀粒］　黒米
01183	01	こめ　［水稲めし］　赤米
01184	01	こめ　［水稲めし］　黒米
01185	01	こめ　［水稲軟めし］　精白米
01186	01	こむぎ　［うどん・そうめん類］　うどん　半生うどん
01187	01	こむぎ　［中華めん類］　半生中華めん　
01188	01	こむぎ　［中華めん類］　蒸し中華めん  ソテー
01189	01	こむぎ　［即席めん類］　即席中華めん　油揚げ　ゆで　（添付調味料等を含まないもの）
01190	01	こむぎ　［即席めん類］　即席中華めん　非油揚げ　ゆで　（添付調味料等を含まないもの）
01191	01	こむぎ　［即席めん類］　中華スタイル即席カップめん　油揚げ　しょうゆ味　乾　（添付調味料等を含むもの）
01192	01	こむぎ　［即席めん類］　中華スタイル即席カップめん　油揚げ　しょうゆ味　調理後のめん　（スープを残したもの）
01193	01	こむぎ　［即席めん類］　中華スタイル即席カップめん　油揚げ　塩味　乾　（添付調味料等を含むもの）
01194	01	こむぎ　［即席めん類］　中華スタイル即席カップめん　油揚げ　塩味　調理後のめん　（スープを残したもの）
01195	01	こむぎ　［即席めん類］　中華スタイル即席カップめん　非油揚げ　調理後のめん　（スープを残したもの）
01196	01	こむぎ　［即席めん類］　和風スタイル即席カップめん　油揚げ　調理後のめん　（スープを残したもの）
01197	01	そば　そば　半生そば
01198	01	こむぎ　［即席めん類］　即席中華めん　油揚げ　調理後全体　（添付調味料等を含むもの）
01199	01	こむぎ　［即席めん類］　即席中華めん　非油揚げ　調理後全体　（添付調味料等を含むもの）
01200	01	こむぎ　［即席めん類］　中華スタイル即席カップめん　油揚げ　しょうゆ味　調理後全体　（添付調味料等を含むもの）
01201	01	こむぎ　［即席めん類］　中華スタイル即席カップめん　油揚げ　塩味　調理後全体　（添付調味料等を含むもの）
01202	01	こむぎ　［即席めん類］　中華スタイル即席カップめん　油揚げ　焼きそば　調理後全体　（添付調味料等を含むもの）
01203	01	こむぎ　［即席めん類］　中華スタイル即席カップめん　非油揚げ　調理後全体　（添付調味料等を含むもの）
01204	01	こむぎ　［即席めん類］　和風スタイル即席カップめん　油揚げ　調理後全体　（添付調味料等を含むもの）
01205	01	こむぎ　［パン類］　山形食パン　食パン
01206	01	こむぎ　［パン類］　食パン　リーンタイプ
01207	01	こむぎ　［パン類］　食パン　リッチタイプ
01208	01	こむぎ　［パン類］　全粒粉パン
01209	01	こむぎ　［パン類］　クロワッサン　レギュラータイプ
01210	01	こむぎ　［パン類］　くるみパン
01211	01	こめ　［うるち米製品］　米粉パン　食パン
01212	01	こめ　［うるち米製品］　米粉パン　ロールパン
01213	01	こむぎ　［パン類］　バンズ
01214	01	こめ　［うるち米製品］　水稲全かゆ　レトルト　玄米
01215	01	こめ　［うるち米製品］　水稲全かゆ　レトルト　精白米
02001	02	＜いも類＞　きくいも　塊茎　生
02002	02	＜いも類＞　こんにゃく　精粉
02003	02	＜いも類＞　こんにゃく　板こんにゃく　精粉こんにゃく
02004	02	＜いも類＞　こんにゃく　板こんにゃく　生いもこんにゃく
02005	02	＜いも類＞　こんにゃく　しらたき
02006	02	＜いも類＞　（さつまいも類）　さつまいも　塊根　皮なし　生
02007	02	＜いも類＞　（さつまいも類）　さつまいも　塊根　皮なし　蒸し
02008	02	＜いも類＞　（さつまいも類）　さつまいも　塊根　皮なし　焼き
02009	02	＜いも類＞　（さつまいも類）　さつまいも　蒸し切干
02010	02	＜いも類＞　（さといも類）　さといも　球茎　生
02011	02	＜いも類＞　（さといも類）　さといも　球茎　水煮
02012	02	＜いも類＞　（さといも類）　さといも　球茎　冷凍
02013	02	＜いも類＞　（さといも類）　みずいも　球茎　生
02014	02	＜いも類＞　（さといも類）　みずいも　球茎　水煮
02015	02	＜いも類＞　（さといも類）　やつがしら　球茎　生
02016	02	＜いも類＞　（さといも類）　やつがしら　球茎　水煮
02017	02	＜いも類＞　じゃがいも　塊茎　皮なし　生
02018	02	＜いも類＞　じゃがいも　塊茎　皮なし　蒸し
02019	02	＜いも類＞　じゃがいも　塊茎　皮なし　水煮
02020	02	＜いも類＞　じゃがいも　塊茎　皮なし　フライドポテト　（市販冷凍食品を揚げたもの）
02021	02	＜いも類＞　じゃがいも　乾燥マッシュポテト
02022	02	＜いも類＞　（やまのいも類）　ながいも　いちょういも　塊根　生
02023	02	＜いも類＞　（やまのいも類）　ながいも　ながいも　塊根　生
02024	02	＜いも類＞　（やまのいも類）　ながいも　ながいも　塊根　水煮
02025	02	＜いも類＞　（やまのいも類）　ながいも　やまといも　塊根　生
02026	02	＜いも類＞　（やまのいも類）　じねんじょ　塊根　生
02027	02	＜いも類＞　（やまのいも類）　だいじょ　塊根　生
02028	02	＜でん粉・でん粉製品＞　（でん粉類）　キャッサバでん粉
02029	02	＜でん粉・でん粉製品＞　（でん粉類）　くずでん粉
02030	02	＜でん粉・でん粉製品＞　（でん粉類）　米でん粉
02031	02	＜でん粉・でん粉製品＞　（でん粉類）　小麦でん粉
02032	02	＜でん粉・でん粉製品＞　（でん粉類）　サゴでん粉
02033	02	＜でん粉・でん粉製品＞　（でん粉類）　さつまいもでん粉
02034	02	＜でん粉・でん粉製品＞　（でん粉類）　じゃがいもでん粉
02035	02	＜でん粉・でん粉製品＞　（でん粉類）　とうもろこしでん粉
02036	02	＜でん粉・でん粉製品＞　（でん粉製品）　くずきり　乾
02037	02	＜でん粉・でん粉製品＞　（でん粉製品）　くずきり　ゆで
02038	02	＜でん粉・でん粉製品＞　（でん粉製品）　タピオカパール　乾
02039	02	＜でん粉・でん粉製品＞　（でん粉製品）　はるさめ　緑豆はるさめ　乾
02040	02	＜でん粉・でん粉製品＞　（でん粉製品）　はるさめ　普通はるさめ　乾
02041	02	＜いも類＞　きくいも　塊茎　水煮
02042	02	＜いも類＞　こんにゃく　赤こんにゃく
02043	02	＜いも類＞　こんにゃく　凍みこんにゃく　乾
02044	02	＜いも類＞　こんにゃく　凍みこんにゃく　ゆで
02045	02	＜いも類＞　（さつまいも類）　さつまいも　塊根　皮つき　生
02046	02	＜いも類＞　（さつまいも類）　さつまいも　塊根　皮つき　蒸し
02047	02	＜いも類＞　（さつまいも類）　さつまいも　塊根　皮つき　天ぷら
02048	02	＜いも類＞　（さつまいも類）　むらさきいも　塊根　皮なし　生
02049	02	＜いも類＞　（さつまいも類）　むらさきいも　塊根　皮なし　蒸し
02050	02	＜いも類＞　（さといも類）　セレベス　球茎　生
02051	02	＜いも類＞　（さといも類）　セレベス　球茎　水煮
02052	02	＜いも類＞　（さといも類）　たけのこいも　球茎　生
02053	02	＜いも類＞　（さといも類）　たけのこいも　球茎　水煮
02054	02	＜いも類＞　ヤーコン　塊根　生
02055	02	＜いも類＞　ヤーコン　塊根　水煮
02056	02	＜でん粉・でん粉製品＞　（でん粉製品）　ごま豆腐
02057	02	＜でん粉・でん粉製品＞　（でん粉製品）　タピオカパール　ゆで
02058	02	＜でん粉・でん粉製品＞　（でん粉製品）　でん粉めん　生
02059	02	＜でん粉・でん粉製品＞　（でん粉製品）　でん粉めん　乾
02060	02	＜でん粉・でん粉製品＞　（でん粉製品）　でん粉めん　乾　ゆで
02061	02	＜でん粉・でん粉製品＞　（でん粉製品）　はるさめ　緑豆はるさめ　ゆで
02062	02	＜でん粉・でん粉製品＞　（でん粉製品）　はるさめ　普通はるさめ　ゆで
02063	02	＜いも類＞　じゃがいも　塊茎　皮つき　生
02064	02	＜いも類＞　じゃがいも　塊茎　皮つき　電子レンジ調理
02065	02	＜いも類＞　じゃがいも　塊茎　皮つき　フライドポテト　（生を揚げたもの）
02066	02	＜いも類＞　じゃがいも　塊茎　皮なし　電子レンジ調理
02067	02	＜いも類＞　じゃがいも　塊茎　皮なし　フライドポテト　（生を揚げたもの）
02068	02	＜いも類＞　アメリカほどいも　塊根　生
02069	02	＜いも類＞　アメリカほどいも　塊根　ゆで
02070	02	＜でん粉・でん粉製品＞　（でん粉類）　おおうばゆりでん粉
03001	03	（砂糖類）　黒砂糖
03002	03	（砂糖類）　和三盆糖
03003	03	（砂糖類）　車糖　上白糖
03004	03	（砂糖類）　車糖　三温糖
03005	03	（砂糖類）　ざらめ糖　グラニュー糖
03006	03	（砂糖類）　ざらめ糖　白ざら糖
03007	03	（砂糖類）　ざらめ糖　中ざら糖
03008	03	（砂糖類）　加工糖　角砂糖
03009	03	（砂糖類）　加工糖　氷砂糖
03010	03	（砂糖類）　加工糖　コーヒーシュガー
03011	03	（砂糖類）　加工糖　粉糖
03012	03	（砂糖類）　液糖　しょ糖型液糖
03013	03	（砂糖類）　液糖　転化型液糖
03014	03	（砂糖類）　氷糖みつ
03015	03	（でん粉糖類）　粉あめ
03017	03	（でん粉糖類）　ぶどう糖　全糖
03018	03	（でん粉糖類）　ぶどう糖　含水結晶
03019	03	（でん粉糖類）　ぶどう糖　無水結晶
03020	03	（でん粉糖類）　果糖
03022	03	（その他）　はちみつ
03023	03	（その他）　メープルシロップ
03024	03	（でん粉糖類）　水あめ　酵素糖化
03025	03	（でん粉糖類）　水あめ　酸糖化
03026	03	（でん粉糖類）　異性化液糖　ぶどう糖果糖液糖
03027	03	（でん粉糖類）　異性化液糖　果糖ぶどう糖液糖
03028	03	（でん粉糖類）　異性化液糖　高果糖液糖
03029	03	（その他）　黒蜜
03030	03	（砂糖類）　てんさい含蜜糖
03031	03	（でん粉糖類）　還元麦芽糖
03032	03	（でん粉糖類）　還元水あめ
03033	03	（その他）　はちみつ　国産品　
04001	04	あずき　全粒　乾
04002	04	あずき　全粒　ゆで
04003	04	あずき　ゆで小豆缶詰
04004	04	あずき　あん　こし生あん
04005	04	あずき　あん　さらしあん　（乾燥あん）
04006	04	あずき　あん　つぶし練りあん
04007	04	いんげんまめ　全粒　乾
04008	04	いんげんまめ　全粒　ゆで
04009	04	いんげんまめ　うずら豆
04010	04	いんげんまめ　こし生あん
04011	04	いんげんまめ　豆きんとん
04012	04	えんどう　全粒　青えんどう　乾
04013	04	えんどう　全粒　青えんどう　ゆで
04014	04	えんどう　グリンピース（揚げ豆）
04015	04	えんどう　塩豆
04016	04	えんどう　うぐいす豆
04017	04	ささげ　全粒　乾
04018	04	ささげ　全粒　ゆで
04019	04	そらまめ　全粒　乾
04020	04	そらまめ　フライビーンズ
04021	04	そらまめ　おたふく豆
04022	04	そらまめ　ふき豆
04023	04	だいず　［全粒・全粒製品］　全粒　黄大豆　国産　乾
04024	04	だいず　［全粒・全粒製品］　全粒　黄大豆　国産　ゆで
04025	04	だいず　［全粒・全粒製品］　全粒　黄大豆　米国産　乾
04026	04	だいず　［全粒・全粒製品］　全粒　黄大豆　中国産　乾
04027	04	だいず　［全粒・全粒製品］　全粒　黄大豆　ブラジル産　乾
04028	04	だいず　［全粒・全粒製品］　水煮缶詰　黄大豆
04029	04	だいず　［全粒・全粒製品］　きな粉　黄大豆　全粒大豆
04030	04	だいず　［全粒・全粒製品］　きな粉　黄大豆　脱皮大豆
04031	04	だいず　［全粒・全粒製品］　ぶどう豆
04032	04	だいず　［豆腐・油揚げ類］　木綿豆腐
04033	04	だいず　［豆腐・油揚げ類］　絹ごし豆腐
04034	04	だいず　［豆腐・油揚げ類］　ソフト豆腐
04035	04	だいず　［豆腐・油揚げ類］　充てん豆腐
04036	04	だいず　［豆腐・油揚げ類］　沖縄豆腐
04037	04	だいず　［豆腐・油揚げ類］　ゆし豆腐
04038	04	だいず　［豆腐・油揚げ類］　焼き豆腐
04039	04	だいず　［豆腐・油揚げ類］　生揚げ
04040	04	だいず　［豆腐・油揚げ類］　油揚げ　生
04041	04	だいず　［豆腐・油揚げ類］　がんもどき
04042	04	だいず　［豆腐・油揚げ類］　凍り豆腐　乾
04043	04	だいず　［豆腐・油揚げ類］　豆腐よう
04044	04	だいず　［豆腐・油揚げ類］　豆腐竹輪　蒸し
04045	04	だいず　［豆腐・油揚げ類］　豆腐竹輪　焼き
04046	04	だいず　［納豆類］　糸引き納豆
04047	04	だいず　［納豆類］　挽きわり納豆
04048	04	だいず　［納豆類］　五斗納豆
04049	04	だいず　［納豆類］　寺納豆
04051	04	だいず　［その他］　おから　生
04052	04	だいず　［その他］　豆乳　豆乳
04053	04	だいず　［その他］　豆乳　調製豆乳
04054	04	だいず　［その他］　豆乳　豆乳飲料・麦芽コーヒー
04055	04	だいず　［その他］　大豆たんぱく　粒状大豆たんぱく
04056	04	だいず　［その他］　大豆たんぱく　濃縮大豆たんぱく
04057	04	だいず　［その他］　大豆たんぱく　分離大豆たんぱく　塩分無調整タイプ
04058	04	だいず　［その他］　大豆たんぱく　繊維状大豆たんぱく
04059	04	だいず　［その他］　湯葉　生
04060	04	だいず　［その他］　湯葉　干し　乾
04061	04	だいず　［その他］　金山寺みそ
04062	04	だいず　［その他］　ひしおみそ
04063	04	だいず　［その他］　テンペ
04064	04	つるあずき　全粒　乾
04065	04	ひよこまめ　全粒　乾
04066	04	ひよこまめ　全粒　ゆで
04067	04	ひよこまめ　全粒　フライ　味付け
04068	04	べにばないんげん　全粒　乾
04069	04	べにばないんげん　全粒　ゆで
04070	04	らいまめ　全粒　乾
04071	04	りょくとう　全粒　乾
04072	04	りょくとう　全粒　ゆで
04073	04	レンズまめ　全粒　乾
04074	04	えんどう　全粒　赤えんどう　乾
04075	04	えんどう　全粒　赤えんどう　ゆで
04076	04	そらまめ　しょうゆ豆
04077	04	だいず　［全粒・全粒製品］　全粒　黒大豆　国産　乾
04078	04	だいず　［全粒・全粒製品］　いり大豆　黄大豆
04079	04	だいず　［全粒・全粒製品］　いり大豆　黒大豆
04080	04	だいず　［全粒・全粒製品］　いり大豆　青大豆
04081	04	だいず　［全粒・全粒製品］　蒸し大豆　黄大豆
04082	04	だいず　［全粒・全粒製品］　きな粉　青大豆　全粒大豆
04083	04	だいず　［全粒・全粒製品］　大豆はいが
04084	04	だいず　［豆腐・油揚げ類］　油揚げ　油抜き　生
04085	04	だいず　［豆腐・油揚げ類］　油揚げ　油抜き　焼き
04086	04	だいず　［豆腐・油揚げ類］　油揚げ　油抜き　ゆで
04087	04	だいず　［豆腐・油揚げ類］　凍り豆腐　水煮
04088	04	だいず　［豆腐・油揚げ類］　ろくじょう豆腐
04089	04	だいず　［その他］　おから　乾燥
04090	04	だいず　［その他］　大豆たんぱく　分離大豆たんぱく　塩分調整タイプ
04091	04	だいず　［その他］　湯葉　干し　湯戻し
04092	04	つるあずき　全粒　ゆで
04093	04	らいまめ　全粒　ゆで
04094	04	レンズまめ　全粒　ゆで
04095	04	だいず　［豆腐・油揚げ類］　油揚げ　甘煮
04096	04	だいず　［全粒・全粒製品］　きな粉　青大豆　脱皮大豆
04097	04	だいず　［豆腐・油揚げ類］　木綿豆腐　（凝固剤：塩化マグネシウム）
04098	04	だいず　［豆腐・油揚げ類］　木綿豆腐　（凝固剤：硫酸カルシウム）
04099	04	だいず　［豆腐・油揚げ類］　絹ごし豆腐　（凝固剤：塩化マグネシウム）
04100	04	だいず　［豆腐・油揚げ類］　絹ごし豆腐　（凝固剤：硫酸カルシウム）
04101	04	あずき　あん　こし練りあん　（並あん）
04102	04	あずき　あん　こし練りあん　（中割りあん）
04103	04	あずき　あん　こし練りあん　（もなかあん）
04104	04	だいず　［全粒・全粒製品］　全粒　青大豆　国産　乾
04105	04	だいず　［全粒・全粒製品］　全粒　青大豆　国産　ゆで
04106	04	だいず　［全粒・全粒製品］　全粒　黒大豆　国産　ゆで
04108	04	やぶまめ　乾
04109	04	だいず　［全粒・全粒製品］　きな粉（砂糖入り）　青きな粉
04110	04	だいず　［全粒・全粒製品］　きな粉（砂糖入り）　きな粉
04111	04	あずき　あん　つぶし生あん
04112	04	えんどう　うぐいすあん
04113	04	だいず　［豆腐・油揚げ類］　絹生揚げ
04114	04	だいず　［納豆類］　塩納豆
04115	04	だいず　［納豆類］　干し納豆
05001	05	アーモンド　乾
05002	05	アーモンド　フライ　味付け
05003	05	あさ　乾
05004	05	えごま　乾
05005	05	カシューナッツ　フライ　味付け
05006	05	かぼちゃ　いり　味付け
05007	05	かや　いり
05008	05	ぎんなん　生
05009	05	ぎんなん　ゆで
05010	05	（くり類）　日本ぐり　生
05011	05	（くり類）　日本ぐり　ゆで
05012	05	（くり類）　日本ぐり　甘露煮
05013	05	（くり類）　中国ぐり　甘ぐり
05014	05	くるみ　いり
05015	05	けし　乾
05016	05	ココナッツ　ココナッツパウダー
05017	05	ごま　乾
05018	05	ごま　いり
05019	05	ごま　むき
05020	05	しい　生
05021	05	すいか　いり　味付け
05022	05	とち　蒸し
05023	05	はす　未熟　生
05024	05	はす　成熟　乾
05025	05	（ひし類）　ひし　生
05026	05	ピスタチオ　いり　味付け
05027	05	ひまわり　フライ　味付け
05028	05	ブラジルナッツ　フライ　味付け
05029	05	ヘーゼルナッツ　フライ　味付け
05030	05	ペカン　フライ　味付け
05031	05	マカダミアナッツ　いり　味付け
05032	05	まつ　生
05033	05	まつ　いり
05034	05	らっかせい　大粒種　乾
05035	05	らっかせい　大粒種　いり
05036	05	らっかせい　バターピーナッツ
05037	05	らっかせい　ピーナッツバター
05040	05	アーモンド　いり　無塩
05041	05	あまに　いり
05042	05	ごま　ねり
05043	05	はす　成熟　ゆで
05044	05	らっかせい　小粒種　乾
05045	05	らっかせい　小粒種　いり
05046	05	チアシード　乾
05047	05	（ひし類）　とうびし　生
05048	05	（ひし類）　とうびし　ゆで
06001	06	アーティチョーク　花らい　生
06002	06	アーティチョーク　花らい　ゆで
06003	06	あさつき　葉　生
06004	06	あさつき　葉　ゆで
06005	06	あしたば　茎葉　生
06006	06	あしたば　茎葉　ゆで
06007	06	アスパラガス　若茎　生
06008	06	アスパラガス　若茎　ゆで
06009	06	アスパラガス　水煮缶詰
06010	06	いんげんまめ　さやいんげん　若ざや　生
06011	06	いんげんまめ　さやいんげん　若ざや　ゆで
06012	06	（うど類）　うど　茎　生
06013	06	（うど類）　うど　茎　水さらし
06014	06	（うど類）　やまうど　茎　生
06015	06	えだまめ　生
06016	06	えだまめ　ゆで
06017	06	えだまめ　冷凍
06018	06	エンダイブ　葉　生
06019	06	（えんどう類）　トウミョウ　茎葉　生
06020	06	（えんどう類）　さやえんどう　若ざや　生
06021	06	（えんどう類）　さやえんどう　若ざや　ゆで
06022	06	（えんどう類）　スナップえんどう　若ざや　生
06023	06	（えんどう類）　グリンピース　生
06024	06	（えんどう類）　グリンピース　ゆで
06025	06	（えんどう類）　グリンピース　冷凍
06026	06	（えんどう類）　グリンピース　水煮缶詰
06027	06	おおさかしろな　葉　生
06028	06	おおさかしろな　葉　ゆで
06029	06	おおさかしろな　塩漬
06030	06	おかひじき　茎葉　生
06031	06	おかひじき　茎葉　ゆで
06032	06	オクラ　果実　生
06033	06	オクラ　果実　ゆで
06034	06	かぶ　葉　生
06035	06	かぶ　葉　ゆで
06036	06	かぶ　根　皮つき　生
06037	06	かぶ　根　皮つき　ゆで
06038	06	かぶ　根　皮なし　生
06039	06	かぶ　根　皮なし　ゆで
06040	06	かぶ　漬物　塩漬　葉
06041	06	かぶ　漬物　塩漬　根　皮つき
06042	06	かぶ　漬物　塩漬　根　皮なし
06043	06	かぶ　漬物　ぬかみそ漬　葉
06044	06	かぶ　漬物　ぬかみそ漬　根　皮つき
06045	06	かぶ　漬物　ぬかみそ漬　根　皮なし
06046	06	（かぼちゃ類）　日本かぼちゃ　果実　生
06047	06	（かぼちゃ類）　日本かぼちゃ　果実　ゆで
06048	06	（かぼちゃ類）　西洋かぼちゃ　果実　生
06049	06	（かぼちゃ類）　西洋かぼちゃ　果実　ゆで
06050	06	（かぼちゃ類）　西洋かぼちゃ　果実　冷凍
06051	06	（かぼちゃ類）　そうめんかぼちゃ　果実　生
06052	06	からしな　葉　生
06053	06	からしな　塩漬
06054	06	カリフラワー　花序　生
06055	06	カリフラワー　花序　ゆで
06056	06	かんぴょう　乾
06057	06	かんぴょう　ゆで
06058	06	きく　花びら　生
06059	06	きく　花びら　ゆで
06060	06	きく　菊のり
06061	06	（キャベツ類）　キャベツ　結球葉　生
06062	06	（キャベツ類）　キャベツ　結球葉　ゆで
06063	06	（キャベツ類）　グリーンボール　結球葉　生
06064	06	（キャベツ類）　レッドキャベツ　結球葉　生
06065	06	きゅうり　果実　生
06066	06	きゅうり　漬物　塩漬
06067	06	きゅうり　漬物　しょうゆ漬
06068	06	きゅうり　漬物　ぬかみそ漬
06069	06	きゅうり　漬物　ピクルス　スイート型
06070	06	きゅうり　漬物　ピクルス　サワー型
06071	06	ぎょうじゃにんにく　葉　生
06072	06	みずな　葉　生
06073	06	みずな　葉　ゆで
06074	06	みずな　塩漬
06075	06	キンサイ　茎葉　生
06076	06	キンサイ　茎葉　ゆで
06077	06	クレソン　茎葉　生
06078	06	くわい　塊茎　生
06079	06	くわい　塊茎　ゆで
06080	06	ケール　葉　生
06081	06	コールラビ　球茎　生
06082	06	コールラビ　球茎　ゆで
06083	06	こごみ　若芽　生
06084	06	（ごぼう類）　ごぼう　根　生
06085	06	（ごぼう類）　ごぼう　根　ゆで
06086	06	こまつな　葉　生
06087	06	こまつな　葉　ゆで
06088	06	ザーサイ　漬物
06089	06	さんとうさい　葉　生
06090	06	さんとうさい　葉　ゆで
06091	06	さんとうさい　塩漬
06092	06	しかくまめ　若ざや　生
06093	06	（ししとう類）　ししとう　果実　生
06094	06	（ししとう類）　ししとう　果実　油いため
06095	06	しそ　葉　生
06096	06	しそ　実　生
06097	06	じゅうろくささげ　若ざや　生
06098	06	じゅうろくささげ　若ざや　ゆで
06099	06	しゅんぎく　葉　生
06100	06	しゅんぎく　葉　ゆで
06101	06	じゅんさい　若葉　水煮びん詰
06102	06	（しょうが類）　葉しょうが　根茎　生
06103	06	（しょうが類）　しょうが　根茎　皮なし　生
06104	06	（しょうが類）　しょうが　漬物　酢漬
06105	06	（しょうが類）　しょうが　漬物　甘酢漬
06106	06	しろうり　果実　生
06107	06	しろうり　漬物　塩漬
06108	06	しろうり　漬物　奈良漬
06109	06	ずいき　生ずいき　生
06110	06	ずいき　生ずいき　ゆで
06111	06	ずいき　干しずいき　乾
06112	06	ずいき　干しずいき　ゆで
06113	06	すぐきな　葉　生
06114	06	すぐきな　根　生
06115	06	すぐきな　すぐき漬
06116	06	ズッキーニ　果実　生
06117	06	せり　茎葉　生
06118	06	せり　茎葉　ゆで
06119	06	セロリ　葉柄　生
06120	06	ぜんまい　生ぜんまい　若芽　生
06121	06	ぜんまい　生ぜんまい　若芽　ゆで
06122	06	ぜんまい　干しぜんまい　干し若芽　乾
06123	06	ぜんまい　干しぜんまい　干し若芽　ゆで
06124	06	そらまめ　未熟豆　生
06125	06	そらまめ　未熟豆　ゆで
06126	06	タアサイ　葉　生
06127	06	タアサイ　葉　ゆで
06128	06	（だいこん類）　かいわれだいこん　芽ばえ　生
06129	06	（だいこん類）　葉だいこん　葉　生
06130	06	（だいこん類）　だいこん　葉　生
06131	06	（だいこん類）　だいこん　葉　ゆで
06132	06	（だいこん類）　だいこん　根　皮つき　生
06133	06	（だいこん類）　だいこん　根　皮つき　ゆで
06134	06	（だいこん類）　だいこん　根　皮なし　生
06135	06	（だいこん類）　だいこん　根　皮なし　ゆで
06136	06	（だいこん類）　切干しだいこん　乾
06137	06	（だいこん類）　漬物　ぬかみそ漬
06138	06	（だいこん類）　漬物　たくあん漬　塩押しだいこん漬
06139	06	（だいこん類）　漬物　たくあん漬　干しだいこん漬
06140	06	（だいこん類）　漬物　守口漬
06141	06	（だいこん類）　漬物　べったら漬
06142	06	（だいこん類）　漬物　みそ漬
06143	06	（だいこん類）　漬物　福神漬
06144	06	（たいさい類）　つまみな　葉　生
06145	06	（たいさい類）　たいさい　葉　生
06146	06	（たいさい類）　たいさい　塩漬
06147	06	たかな　葉　生
06148	06	たかな　たかな漬
06149	06	たけのこ　若茎　生
06150	06	たけのこ　若茎　ゆで
06151	06	たけのこ　水煮缶詰
06152	06	たけのこ　めんま　塩蔵　塩抜き
06153	06	（たまねぎ類）　たまねぎ　りん茎　生
06154	06	（たまねぎ類）　たまねぎ　りん茎　水さらし
06155	06	（たまねぎ類）　たまねぎ　りん茎　ゆで
06156	06	（たまねぎ類）　赤たまねぎ　りん茎　生
06157	06	たらのめ　若芽　生
06158	06	たらのめ　若芽　ゆで
06159	06	チコリ　若芽　生
06160	06	チンゲンサイ　葉　生
06161	06	チンゲンサイ　葉　ゆで
06162	06	つくし　胞子茎　生
06163	06	つくし　胞子茎　ゆで
06164	06	つるな　茎葉　生
06165	06	つるむらさき　茎葉　生
06166	06	つるむらさき　茎葉　ゆで
06167	06	つわぶき　葉柄　生
06168	06	つわぶき　葉柄　ゆで
06169	06	とうがらし　葉･果実　生
06170	06	とうがらし　葉･果実　油いため
06171	06	とうがらし　果実　生
06172	06	とうがらし　果実　乾
06173	06	とうがん　果実　生
06174	06	とうがん　果実　ゆで
06175	06	（とうもろこし類）　スイートコーン　未熟種子　生
06176	06	（とうもろこし類）　スイートコーン　未熟種子　ゆで
06177	06	（とうもろこし類）　スイートコーン　未熟種子　穂軸つき　冷凍
06178	06	（とうもろこし類）　スイートコーン　未熟種子　カーネル　冷凍
06179	06	（とうもろこし類）　スイートコーン　缶詰　クリームスタイル
06180	06	（とうもろこし類）　スイートコーン　缶詰　ホールカーネルスタイル
06181	06	（とうもろこし類）　ヤングコーン　幼雌穂　生
06182	06	（トマト類）　赤色トマト　果実　生
06183	06	（トマト類）　赤色ミニトマト　果実　生
06184	06	（トマト類）　加工品　ホール　食塩無添加
06185	06	（トマト類）　加工品　トマトジュース　食塩添加
06186	06	（トマト類）　加工品　ミックスジュース　食塩添加
06187	06	トレビス　葉　生
06188	06	とんぶり　ゆで
06189	06	ながさきはくさい　葉　生
06190	06	ながさきはくさい　葉　ゆで
06191	06	（なす類）　なす　果実　生
06192	06	（なす類）　なす　果実　ゆで
06193	06	（なす類）　べいなす　果実　生
06194	06	（なす類）　べいなす　果実　素揚げ
06195	06	（なす類）　漬物　塩漬
06196	06	（なす類）　漬物　ぬかみそ漬
06197	06	（なす類）　漬物　こうじ漬
06198	06	（なす類）　漬物　からし漬
06199	06	（なす類）　漬物　しば漬
06200	06	なずな　葉　生
06201	06	（なばな類）　和種なばな　花らい・茎　生
06202	06	（なばな類）　和種なばな　花らい・茎　ゆで
06203	06	（なばな類）　洋種なばな　茎葉　生
06204	06	（なばな類）　洋種なばな　茎葉　ゆで
06205	06	にがうり　果実　生
06206	06	にがうり　果実　油いため
06207	06	（にら類）　にら　葉　生
06208	06	（にら類）　にら　葉　ゆで
06209	06	（にら類）　花にら　花茎・花らい　生
06210	06	（にら類）　黄にら　葉　生
06211	06	（にんじん類）　葉にんじん　葉　生
06212	06	（にんじん類）　にんじん　根　皮つき　生
06213	06	（にんじん類）　にんじん　根　皮つき　ゆで
06214	06	（にんじん類）　にんじん　根　皮なし　生
06215	06	（にんじん類）　にんじん　根　皮なし　ゆで
06216	06	（にんじん類）　にんじん　根　冷凍
06217	06	（にんじん類）　にんじん　ジュース　缶詰
06218	06	（にんじん類）　きんとき　根　皮つき　生
06219	06	（にんじん類）　きんとき　根　皮つき　ゆで
06220	06	（にんじん類）　きんとき　根　皮なし　生
06221	06	（にんじん類）　きんとき　根　皮なし　ゆで
06222	06	（にんじん類）　ミニキャロット　根　生
06223	06	（にんにく類）　にんにく　りん茎　生
06224	06	（にんにく類）　茎にんにく　花茎　生
06225	06	（にんにく類）　茎にんにく　花茎　ゆで
06226	06	（ねぎ類）　根深ねぎ　葉　軟白　生
06227	06	（ねぎ類）　葉ねぎ　葉　生
06228	06	（ねぎ類）　こねぎ　葉　生
06229	06	のざわな　葉　生
06230	06	のざわな　漬物　塩漬
06231	06	のざわな　漬物　調味漬
06232	06	のびる　りん茎葉　生
06233	06	はくさい　結球葉　生
06234	06	はくさい　結球葉　ゆで
06235	06	はくさい　漬物　塩漬
06236	06	はくさい　漬物　キムチ
06237	06	パクチョイ　葉　生
06238	06	バジル　葉　生
06239	06	パセリ　葉　生
06240	06	はつかだいこん　根　生
06241	06	はやとうり　果実　白色種　生
06242	06	はやとうり　果実　白色種　塩漬
06243	06	ビーツ　根　生
06244	06	ビーツ　根　ゆで
06245	06	（ピーマン類）　青ピーマン　果実　生
06246	06	（ピーマン類）　青ピーマン　果実　油いため
06247	06	（ピーマン類）　赤ピーマン　果実　生
06248	06	（ピーマン類）　赤ピーマン　果実　油いため
06249	06	（ピーマン類）　黄ピーマン　果実　生
06250	06	（ピーマン類）　黄ピーマン　果実　油いため
06251	06	（ピーマン類）　トマピー　果実　生
06252	06	ひのな　根・茎葉　生
06253	06	ひのな　根・茎葉　甘酢漬
06254	06	ひろしまな　葉　生
06255	06	ひろしまな　塩漬
06256	06	（ふき類）　ふき　葉柄　生
06257	06	（ふき類）　ふき　葉柄　ゆで
06258	06	（ふき類）　ふきのとう　花序　生
06259	06	（ふき類）　ふきのとう　花序　ゆで
06260	06	ふじまめ　若ざや　生
06261	06	ふだんそう　葉　生
06262	06	ふだんそう　葉　ゆで
06263	06	ブロッコリー　花序　生
06264	06	ブロッコリー　花序　ゆで
06265	06	へちま　果実　生
06266	06	へちま　果実　ゆで
06267	06	ほうれんそう　葉　通年平均　生
06268	06	ほうれんそう　葉　通年平均　ゆで
06269	06	ほうれんそう　葉　冷凍
06270	06	ホースラディシュ　根茎　生
06271	06	まこも　茎　生
06272	06	みずかけな　葉　生
06273	06	みずかけな　塩漬
06274	06	（みつば類）　切りみつば　葉　生
06275	06	（みつば類）　切りみつば　葉　ゆで
06276	06	（みつば類）　根みつば　葉　生
06277	06	（みつば類）　根みつば　葉　ゆで
06278	06	（みつば類）　糸みつば　葉　生
06279	06	（みつば類）　糸みつば　葉　ゆで
06280	06	（みょうが類）　みょうが　花穂　生
06281	06	（みょうが類）　みょうがたけ　茎葉　生
06282	06	むかご　肉芽　生
06283	06	めキャベツ　結球葉　生
06284	06	めキャベツ　結球葉　ゆで
06285	06	めたで　芽ばえ　生
06286	06	（もやし類）　アルファルファもやし　生
06287	06	（もやし類）　だいずもやし　生
06288	06	（もやし類）　だいずもやし　ゆで
06289	06	（もやし類）　ブラックマッペもやし　生
06290	06	（もやし類）　ブラックマッペもやし　ゆで
06291	06	（もやし類）　りょくとうもやし　生
06292	06	（もやし類）　りょくとうもやし　ゆで
06293	06	モロヘイヤ　茎葉　生
06294	06	モロヘイヤ　茎葉　ゆで
06295	06	やまごぼう　みそ漬
06296	06	ゆりね　りん茎　生
06297	06	ゆりね　りん茎　ゆで
06298	06	ようさい　茎葉　生
06299	06	ようさい　茎葉　ゆで
06300	06	よめな　葉　生
06301	06	よもぎ　葉　生
06302	06	よもぎ　葉　ゆで
06303	06	らっかせい　未熟豆　生
06304	06	らっかせい　未熟豆　ゆで
06305	06	（らっきょう類）　らっきょう　りん茎　生
06306	06	（らっきょう類）　らっきょう　甘酢漬
06307	06	（らっきょう類）　エシャレット　りん茎　生
06308	06	リーキ　りん茎葉　生
06309	06	リーキ　りん茎葉　ゆで
06310	06	ルバーブ　葉柄　生
06311	06	ルバーブ　葉柄　ゆで
06312	06	（レタス類）　レタス　土耕栽培　結球葉　生
06313	06	（レタス類）　サラダな　葉　生
06314	06	（レタス類）　リーフレタス　葉　生
06315	06	（レタス類）　サニーレタス　葉　生
06316	06	（レタス類）　コスレタス　葉　生
06317	06	れんこん　根茎　生
06318	06	れんこん　根茎　ゆで
06319	06	ルッコラ　葉　生
06320	06	わけぎ　葉　生
06321	06	わけぎ　葉　ゆで
06322	06	わさび　根茎　生
06323	06	わさび　わさび漬
06324	06	わらび　生わらび　生
06325	06	わらび　生わらび　ゆで
06326	06	わらび　干しわらび　乾
06327	06	アスパラガス　若茎　油いため
06328	06	アロエ　葉　生
06329	06	（えんどう類）　トウミョウ　芽ばえ　生
06330	06	（えんどう類）　トウミョウ　芽ばえ　ゆで
06331	06	（えんどう類）　トウミョウ　芽ばえ　油いため
06332	06	（かぼちゃ類）　西洋かぼちゃ　果実　焼き
06333	06	（キャベツ類）　キャベツ　結球葉　油いため
06334	06	（だいこん類）　切干しだいこん　ゆで
06335	06	（だいこん類）　切干しだいこん　油いため
06336	06	（たまねぎ類）　たまねぎ　りん茎　油いため
06337	06	（たまねぎ類）　葉たまねぎ　りん茎及び葉　生
06338	06	チンゲンサイ　葉　油いため
06339	06	（とうもろこし類）　スイートコーン　未熟種子　電子レンジ調理
06340	06	（トマト類）　加工品　トマトジュース　食塩無添加
06341	06	（トマト類）　加工品　ミックスジュース　食塩無添加
06342	06	（なす類）　なす　果実　油いため
06343	06	（なす類）　なす　果実　天ぷら
06344	06	（にら類）　にら　葉　油いため
06345	06	（にんじん類）　にんじん　根　皮なし　油いため
06346	06	（にんじん類）　にんじん　根　皮なし　素揚げ
06347	06	（にんじん類）　にんじん　根　皮　生
06348	06	（にんじん類）　にんじん　グラッセ
06349	06	（にんにく類）　にんにく　りん茎　油いため
06350	06	（ねぎ類）　根深ねぎ　葉　軟白　ゆで
06351	06	（ねぎ類）　根深ねぎ　葉　軟白　油いため
06352	06	（ねぎ類）　葉ねぎ　葉　油いため
06353	06	はやとうり　果実　緑色種　生
06354	06	ブロッコリー　芽ばえ　生
06355	06	ほうれんそう　葉　夏採り　生
06356	06	ほうれんそう　葉　冬採り　生
06357	06	ほうれんそう　葉　夏採り　ゆで
06358	06	ほうれんそう　葉　冬採り　ゆで
06359	06	ほうれんそう　葉　通年平均　油いため
06360	06	みぶな　葉　生
06361	06	（レタス類）　レタス　水耕栽培　結球葉　生
06362	06	（レタス類）　サンチュ　葉　生
06363	06	うるい　葉　生
06364	06	かんぴょう　甘煮
06365	06	（しょうが類）　しょうが　根茎　皮なし　生　おろし
06366	06	（しょうが類）　しょうが　根茎　皮なし　生　おろし汁
06367	06	（だいこん類）　だいこん　根　皮なし　生　おろし
06368	06	（だいこん類）　だいこん　根　皮なし　生　おろし汁
06369	06	（だいこん類）　だいこん　根　皮なし　生　おろし水洗い
06370	06	（トマト類）　ドライトマト
06371	06	れんこん　甘酢れんこん
06372	06	ほうれんそう　葉　冷凍　ゆで
06373	06	ほうれんそう　葉　冷凍　油いため
06374	06	（えんどう類）　グリンピース　冷凍　ゆで
06375	06	（えんどう類）　グリンピース　冷凍　油いため
06376	06	ちぢみゆきな　葉　生
06377	06	ちぢみゆきな　葉　ゆで
06378	06	（とうもろこし類）　スイートコーン　未熟種子　カーネル　冷凍　ゆで
06379	06	（とうもろこし類）　スイートコーン　未熟種子　カーネル　冷凍　油いため
06380	06	（にんじん類）　にんじん　根　冷凍　ゆで
06381	06	（にんじん類）　にんじん　根　冷凍　油いため
06382	06	（その他）　ミックスベジタブル　冷凍
06383	06	（その他）　ミックスベジタブル　冷凍　ゆで
06384	06	（その他）　ミックスベジタブル　冷凍　油いため
06385	06	コリアンダー　葉　生
06386	06	（しょうが類）　新しょうが　根茎　生
06387	06	すいぜんじな　葉　生
06388	06	（だいこん類）　漬物　いぶりがっこ
06389	06	（たまねぎ類）　たまねぎ　りん茎　油いため　（あめ色たまねぎ）
06390	06	つるにんじん　根　生
06391	06	（トマト類）　黄色トマト　果実　生
06392	06	はなっこりー　生
06393	06	（ピーマン類）　オレンジピーマン　果実　生
06394	06	（ピーマン類）　オレンジピーマン　果実　油いため
06395	06	ブロッコリー　花序　電子レンジ調理
06396	06	ブロッコリー　花序　焼き
06397	06	ブロッコリー　花序　油いため
06398	06	（もやし類）　ブラックマッペもやし　油いため
06399	06	（その他）　野菜ミックスジュース　通常タイプ
06400	06	（その他）　野菜ミックスジュース　濃縮タイプ
06401	06	やぶまめ　生
06402	06	アイスプラント　生
06403	06	（キャベツ類）　キャベツ　結球葉　カット　常法洗浄
06404	06	（キャベツ類）　キャベツ　結球葉　カット　次亜塩素酸洗浄
06405	06	（ごぼう類）　堀川ごぼう　根　生
06406	06	（ししとう類）　万願寺とうがらし　果実　生
06407	06	（にんじん類）　にんじん　根　皮なし　カット　常法洗浄
06408	06	（にんじん類）　にんじん　根　皮なし　カット　次亜塩素酸洗浄
06409	06	（にんじん類）　島にんじん　根　皮なし　生
06410	06	（ねぎ類）　九条ねぎ　葉　生
06411	06	（ねぎ類）　めねぎ　葉　生
06412	06	（もやし類）　だいずもやし　油いため
06413	06	（もやし類）　りょくとうもやし　油いため
07001	07	あけび　果肉　生
07002	07	あけび　果皮　生
07003	07	アセロラ　酸味種　生
07004	07	アセロラ　果実飲料　10%果汁入り飲料
07005	07	アテモヤ　生
07006	07	アボカド　生
07007	07	あんず　生
07008	07	あんず　乾
07009	07	あんず　缶詰
07010	07	あんず　ジャム　高糖度
07011	07	あんず　ジャム　低糖度
07012	07	いちご　生
07013	07	いちご　ジャム　高糖度
07014	07	いちご　ジャム　低糖度
07015	07	いちじく　生
07016	07	いちじく　乾
07017	07	いちじく　缶詰
07018	07	（かんきつ類）　いよかん　砂じょう　生
07019	07	うめ　生
07020	07	うめ　梅漬　塩漬
07021	07	うめ　梅漬　調味漬
07022	07	うめ　梅干し　塩漬
07023	07	うめ　梅干し　調味漬
07024	07	うめ　梅びしお
07025	07	うめ　果実飲料　20%果汁入り飲料
07026	07	（かんきつ類）　うんしゅうみかん　じょうのう　早生　生
07027	07	（かんきつ類）　うんしゅうみかん　じょうのう　普通　生
07028	07	（かんきつ類）　うんしゅうみかん　砂じょう　早生　生
07029	07	（かんきつ類）　うんしゅうみかん　砂じょう　普通　生
07030	07	（かんきつ類）　うんしゅうみかん　果実飲料　ストレートジュース
07031	07	（かんきつ類）　うんしゅうみかん　果実飲料　濃縮還元ジュース
07032	07	（かんきつ類）　うんしゅうみかん　果実飲料　果粒入りジュース
07033	07	（かんきつ類）　うんしゅうみかん　果実飲料　50%果汁入り飲料
07034	07	（かんきつ類）　うんしゅうみかん　果実飲料　20%果汁入り飲料
07035	07	（かんきつ類）　うんしゅうみかん　缶詰　果肉
07036	07	（かんきつ類）　うんしゅうみかん　缶詰　液汁
07037	07	オリーブ　塩漬　グリーンオリーブ
07038	07	オリーブ　塩漬　ブラックオリーブ
07039	07	オリーブ　塩漬　スタッフドオリーブ
07040	07	（かんきつ類）　オレンジ　ネーブル　砂じょう　生
07041	07	（かんきつ類）　オレンジ　バレンシア　米国産　砂じょう　生
07042	07	（かんきつ類）　オレンジ　バレンシア　果実飲料　ストレートジュース
07043	07	（かんきつ類）　オレンジ　バレンシア　果実飲料　濃縮還元ジュース
07044	07	（かんきつ類）　オレンジ　バレンシア　果実飲料　50%果汁入り飲料
07045	07	（かんきつ類）　オレンジ　バレンシア　果実飲料　30%果汁入り飲料
07046	07	（かんきつ類）　オレンジ　バレンシア　マーマレード　高糖度
07047	07	（かんきつ類）　オレンジ　バレンシア　マーマレード　低糖度
07048	07	（かんきつ類）　オロブランコ　砂じょう　生
07049	07	かき　甘がき　生
07050	07	かき　渋抜きがき　生
07051	07	かき　干しがき
07052	07	（かんきつ類）　かぼす　果汁　生
07053	07	かりん　生
07054	07	キウイフルーツ　緑肉種　生
07055	07	キワノ　生
07056	07	（かんきつ類）　きんかん　全果　生
07057	07	グァバ　赤肉種　生
07058	07	グァバ　果実飲料　20%果汁入り飲料　（ネクター）
07059	07	グァバ　果実飲料　10%果汁入り飲料
07060	07	（すぐり類）　グーズベリー　生
07061	07	ぐみ　生
07062	07	（かんきつ類）　グレープフルーツ　白肉種　砂じょう　生
07063	07	（かんきつ類）　グレープフルーツ　果実飲料　ストレートジュース
07064	07	（かんきつ類）　グレープフルーツ　果実飲料　濃縮還元ジュース
07065	07	（かんきつ類）　グレープフルーツ　果実飲料　50%果汁入り飲料
07066	07	（かんきつ類）　グレープフルーツ　果実飲料　20%果汁入り飲料
07067	07	（かんきつ類）　グレープフルーツ　缶詰
07069	07	スターフルーツ　生
07070	07	さくらんぼ　国産　生
07071	07	さくらんぼ　米国産　生
07072	07	さくらんぼ　米国産　缶詰
07073	07	ざくろ　生
07074	07	（かんきつ類）　さんぼうかん　砂じょう　生
07075	07	（かんきつ類）　シークヮーサー　果汁　生
07076	07	（かんきつ類）　シークヮーサー　果実飲料　10%果汁入り飲料
07077	07	すいか　赤肉種　生
07078	07	（かんきつ類）　すだち　果皮　生
07079	07	（かんきつ類）　すだち　果汁　生
07080	07	（すもも類）　にほんすもも　生
07081	07	（すもも類）　プルーン　生
07082	07	（すもも類）　プルーン　乾
07083	07	（かんきつ類）　だいだい　果汁　生
07085	07	（かんきつ類）　セミノール　砂じょう　生
07086	07	チェリモヤ　生
07087	07	ドリアン　生
07088	07	（なし類）　日本なし　生
07089	07	（なし類）　日本なし　缶詰
07090	07	（なし類）　中国なし　生
07091	07	（なし類）　西洋なし　生
07092	07	（なし類）　西洋なし　缶詰
07093	07	（かんきつ類）　なつみかん　砂じょう　生
07094	07	（かんきつ類）　なつみかん　缶詰
07095	07	なつめ　乾
07096	07	なつめやし　乾
07097	07	パインアップル　生
07098	07	パインアップル　果実飲料　ストレートジュース
07099	07	パインアップル　果実飲料　濃縮還元ジュース
07100	07	パインアップル　果実飲料　50%果汁入り飲料
07101	07	パインアップル　果実飲料　10%果汁入り飲料
07102	07	パインアップル　缶詰
07103	07	パインアップル　砂糖漬
07104	07	ハスカップ　生
07105	07	（かんきつ類）　はっさく　砂じょう　生
07106	07	パッションフルーツ　果汁　生
07107	07	バナナ　生
07108	07	バナナ　乾
07109	07	パパイア　完熟　生
07110	07	パパイア　未熟　生
07111	07	ドラゴンフルーツ　生
07112	07	（かんきつ類）　ひゅうがなつ　じょうのう及びアルベド　生
07113	07	（かんきつ類）　ひゅうがなつ　砂じょう　生
07114	07	びわ　生
07115	07	びわ　缶詰
07116	07	ぶどう　皮なし　生
07117	07	ぶどう　干しぶどう
07118	07	ぶどう　果実飲料　ストレートジュース
07119	07	ぶどう　果実飲料　濃縮還元ジュース
07120	07	ぶどう　果実飲料　70%果汁入り飲料
07121	07	ぶどう　果実飲料　10%果汁入り飲料
07122	07	ぶどう　缶詰
07123	07	ぶどう　ジャム
07124	07	ブルーベリー　生
07125	07	ブルーベリー　ジャム
07126	07	（かんきつ類）　ぶんたん　砂じょう　生
07127	07	（かんきつ類）　ぶんたん　ざぼん漬
07128	07	ホワイトサポテ　生
07129	07	（かんきつ類）　ぽんかん　砂じょう　生
07130	07	まくわうり　黄肉種　生
07131	07	マルメロ　生
07132	07	マンゴー　生
07133	07	マンゴスチン　生
07134	07	メロン　温室メロン　生
07135	07	メロン　露地メロン　緑肉種　生
07136	07	（もも類）　もも　白肉種　生
07137	07	（もも類）　もも　果実飲料　30%果汁入り飲料　（ネクター）
07138	07	（もも類）　もも　缶詰　白肉種　果肉
07139	07	（もも類）　もも　缶詰　液汁
07140	07	（もも類）　ネクタリン　生
07141	07	やまもも　生
07142	07	（かんきつ類）　ゆず　果皮　生
07143	07	（かんきつ類）　ゆず　果汁　生
07144	07	ライチー　生
07145	07	（かんきつ類）　ライム　果汁　生
07146	07	ラズベリー　生
07147	07	りゅうがん　乾
07148	07	りんご　皮なし　生
07149	07	りんご　果実飲料　ストレートジュース
07150	07	りんご　果実飲料　濃縮還元ジュース
07151	07	りんご　果実飲料　50%果汁入り飲料
07152	07	りんご　果実飲料　30%果汁入り飲料
07153	07	りんご　缶詰
07154	07	りんご　ジャム
07155	07	（かんきつ類）　レモン　全果　生
07156	07	（かんきつ類）　レモン　果汁　生
07157	07	ココナッツ　ココナッツウォーター
07158	07	ココナッツ　ココナッツミルク
07159	07	アセロラ　甘味種　生
07160	07	いちご　乾
07161	07	（かんきつ類）　オレンジ　福原オレンジ　砂じょう　生
07162	07	（かんきつ類）　かわちばんかん　砂じょう　生
07163	07	（かんきつ類）　きよみ　砂じょう　生
07164	07	（かんきつ類）　グレープフルーツ　紅肉種　砂じょう　生
07165	07	（かんきつ類）　しらぬひ　砂じょう　生
07166	07	（かんきつ類）　せとか　砂じょう　生
07167	07	（かんきつ類）　はるみ　砂じょう　生
07168	07	キウイフルーツ　黄肉種　生
07169	07	グァバ　白肉種　生
07170	07	ココナッツ　ナタデココ
07171	07	すいか　黄肉種　生
07172	07	ブルーベリー　乾
07173	07	まくわうり　白肉種　生
07174	07	メロン　露地メロン　赤肉種　生
07175	07	（もも類）　もも　缶詰　黄肉種　果肉
07176	07	りんご　皮つき　生
07177	07	パインアップル　焼き
07178	07	ぶどう　皮つき　生
07179	07	マンゴー　ドライマンゴー
07180	07	りんご　皮つき　焼き
07181	07	アサイー　冷凍　無糖
07182	07	（すぐり類）　カシス　冷凍
07183	07	きはだ　実　乾
07184	07	（もも類）　もも　黄肉種　生
07185	07	くこ　実　乾
07186	07	（すぐり類）　赤すぐり　冷凍
07187	07	ぶどう　皮つき　シャインマスカット　生
08001	08	えのきたけ　生
08002	08	えのきたけ　ゆで
08003	08	えのきたけ　味付け瓶詰
08004	08	（きくらげ類）　あらげきくらげ　乾
08005	08	（きくらげ類）　あらげきくらげ　ゆで
08006	08	（きくらげ類）　きくらげ　乾
08007	08	（きくらげ類）　きくらげ　ゆで
08008	08	（きくらげ類）　しろきくらげ　乾
08009	08	（きくらげ類）　しろきくらげ　ゆで
08010	08	くろあわびたけ　生
08013	08	しいたけ　乾しいたけ　乾
08014	08	しいたけ　乾しいたけ　ゆで
08015	08	（しめじ類）　はたけしめじ　生
08016	08	（しめじ類）　ぶなしめじ　生
08017	08	（しめじ類）　ぶなしめじ　ゆで
08018	08	（しめじ類）　ほんしめじ　生
08019	08	たもぎたけ　生
08020	08	なめこ　株採り　生
08021	08	なめこ　株採り　ゆで
08022	08	なめこ　水煮缶詰
08023	08	ぬめりすぎたけ　生
08024	08	（ひらたけ類）　うすひらたけ　生
08025	08	（ひらたけ類）　エリンギ　生
08026	08	（ひらたけ類）　ひらたけ　生
08027	08	（ひらたけ類）　ひらたけ　ゆで
08028	08	まいたけ　生
08029	08	まいたけ　ゆで
08030	08	まいたけ　乾
08031	08	マッシュルーム　生
08032	08	マッシュルーム　ゆで
08033	08	マッシュルーム　水煮缶詰
08034	08	まつたけ　生
08036	08	やなぎまつたけ　生
08037	08	えのきたけ　油いため
08038	08	（きくらげ類）　あらげきくらげ　油いため
08039	08	しいたけ　生しいたけ　菌床栽培　生
08040	08	しいたけ　生しいたけ　菌床栽培　ゆで
08041	08	しいたけ　生しいたけ　菌床栽培　油いため
08042	08	しいたけ　生しいたけ　原木栽培　生
08043	08	しいたけ　生しいたけ　原木栽培　ゆで
08044	08	しいたけ　生しいたけ　原木栽培　油いため
08045	08	（しめじ類）　はたけしめじ　ゆで
08046	08	（しめじ類）　ぶなしめじ　油いため
08047	08	（しめじ類）　ほんしめじ　ゆで
08048	08	（ひらたけ類）　エリンギ　ゆで
08049	08	（ひらたけ類）　エリンギ　焼き
08050	08	（ひらたけ類）　エリンギ　油いため
08051	08	まいたけ　油いため
08052	08	マッシュルーム　油いため
08053	08	しいたけ　乾しいたけ　甘煮
08054	08	（きくらげ類）　あらげきくらげ　生
08055	08	（しめじ類）　ぶなしめじ　素揚げ
08056	08	（しめじ類）　ぶなしめじ　天ぷら
08057	08	しいたけ　生しいたけ　菌床栽培　天ぷら
08058	08	なめこ　カットなめこ　生
08059	08	マッシュルーム　ブラウン種　生
09001	09	あおさ　素干し
09002	09	あおのり　素干し
09003	09	あまのり　ほしのり
09004	09	あまのり　焼きのり
09005	09	あまのり　味付けのり
09006	09	あらめ　蒸し干し
09007	09	いわのり　素干し
09008	09	えごのり　素干し
09009	09	えごのり　おきうと
09010	09	おごのり　塩蔵　塩抜き
09011	09	かわのり　素干し
09012	09	うみぶどう　生
09013	09	（こんぶ類）　えながおにこんぶ　素干し
09014	09	（こんぶ類）　がごめこんぶ　素干し
09015	09	（こんぶ類）　ながこんぶ　素干し
09016	09	（こんぶ類）　ほそめこんぶ　素干し
09017	09	（こんぶ類）　まこんぶ　素干し　乾
09018	09	（こんぶ類）　みついしこんぶ　素干し
09019	09	（こんぶ類）　りしりこんぶ　素干し
09020	09	（こんぶ類）　刻み昆布
09021	09	（こんぶ類）　削り昆布
09022	09	（こんぶ類）　塩昆布
09023	09	（こんぶ類）　つくだ煮
09024	09	すいぜんじのり　素干し　水戻し
09025	09	てんぐさ　素干し
09026	09	てんぐさ　ところてん
09027	09	てんぐさ　角寒天
09028	09	てんぐさ　寒天
09029	09	とさかのり　赤とさか　塩蔵　塩抜き
09030	09	とさかのり　青とさか　塩蔵　塩抜き
09032	09	ひとえぐさ　素干し
09033	09	ひとえぐさ　つくだ煮
09034	09	ふのり　素干し
09035	09	まつも　素干し
09036	09	むかでのり　塩蔵　塩抜き
09037	09	（もずく類）　おきなわもずく　塩蔵　塩抜き
09038	09	（もずく類）　もずく　塩蔵　塩抜き
09039	09	わかめ　原藻　生
09040	09	わかめ　乾燥わかめ　素干し
09041	09	わかめ　乾燥わかめ　素干し　水戻し
09042	09	わかめ　乾燥わかめ　板わかめ
09043	09	わかめ　乾燥わかめ　灰干し　水戻し
09044	09	わかめ　カットわかめ　乾
09045	09	わかめ　湯通し塩蔵わかめ　塩抜き　生
09046	09	わかめ　くきわかめ　湯通し塩蔵　塩抜き
09047	09	わかめ　めかぶわかめ　生
09049	09	てんぐさ　粉寒天
09050	09	ひじき　ほしひじき　ステンレス釜　乾
09051	09	ひじき　ほしひじき　ステンレス釜　ゆで
09052	09	ひじき　ほしひじき　ステンレス釜　油いため
09053	09	ひじき　ほしひじき　鉄釜　乾
09054	09	ひじき　ほしひじき　鉄釜　ゆで
09055	09	ひじき　ほしひじき　鉄釜　油いため
09056	09	（こんぶ類）　まこんぶ　素干し　水煮
09057	09	わかめ　湯通し塩蔵わかめ　塩抜き　ゆで
09058	09	わかめ　カットわかめ　水煮　（沸騰水で短時間加熱したもの）
09059	09	わかめ　カットわかめ　水煮の汁
09060	09	わかめ　乾燥わかめ　素干し　水戻し　水煮
10001	10	＜魚類＞　あいなめ　生
10002	10	＜魚類＞　あこうだい　生
10003	10	＜魚類＞　（あじ類）　まあじ　皮つき　生
10004	10	＜魚類＞　（あじ類）　まあじ　皮つき　水煮
10005	10	＜魚類＞　（あじ類）　まあじ　皮つき　焼き
10006	10	＜魚類＞　（あじ類）　まあじ　開き干し　生
10007	10	＜魚類＞　（あじ類）　まあじ　開き干し　焼き
10008	10	＜魚類＞　（あじ類）　にしまあじ　生
10009	10	＜魚類＞　（あじ類）　にしまあじ　水煮
10010	10	＜魚類＞　（あじ類）　にしまあじ　焼き
10011	10	＜魚類＞　（あじ類）　むろあじ　生
10012	10	＜魚類＞　（あじ類）　むろあじ　焼き
10013	10	＜魚類＞　（あじ類）　むろあじ　開き干し
10014	10	＜魚類＞　（あじ類）　むろあじ　くさや
10015	10	＜魚類＞　あなご　生
10016	10	＜魚類＞　あなご　蒸し
10017	10	＜魚類＞　あまご　養殖　生
10018	10	＜魚類＞　あまだい　生
10019	10	＜魚類＞　あまだい　水煮
10020	10	＜魚類＞　あまだい　焼き
10021	10	＜魚類＞　あゆ　天然　生
10022	10	＜魚類＞　あゆ　天然　焼き
10023	10	＜魚類＞　あゆ　天然　内臓　生
10024	10	＜魚類＞　あゆ　天然　内臓　焼き
10025	10	＜魚類＞　あゆ　養殖　生
10026	10	＜魚類＞　あゆ　養殖　焼き
10027	10	＜魚類＞　あゆ　養殖　内臓　生
10028	10	＜魚類＞　あゆ　養殖　内臓　焼き
10029	10	＜魚類＞　あゆ　うるか
10030	10	＜魚類＞　アラスカめぬけ　生
10031	10	＜魚類＞　あんこう　生
10032	10	＜魚類＞　あんこう　きも　生
10033	10	＜魚類＞　いかなご　生
10034	10	＜魚類＞　いかなご　煮干し
10035	10	＜魚類＞　いかなご　つくだ煮
10036	10	＜魚類＞　いかなご　あめ煮
10037	10	＜魚類＞　いさき　生
10038	10	＜魚類＞　いしだい　生
10039	10	＜魚類＞　いとよりだい　生
10040	10	＜魚類＞　いとよりだい　すり身
10041	10	＜魚類＞　いぼだい　生
10042	10	＜魚類＞　（いわし類）　うるめいわし　生
10043	10	＜魚類＞　（いわし類）　うるめいわし　丸干し
10044	10	＜魚類＞　（いわし類）　かたくちいわし　生
10045	10	＜魚類＞　（いわし類）　かたくちいわし　煮干し
10046	10	＜魚類＞　（いわし類）　かたくちいわし　田作り
10047	10	＜魚類＞　（いわし類）　まいわし　生
10048	10	＜魚類＞　（いわし類）　まいわし　水煮
10049	10	＜魚類＞　（いわし類）　まいわし　焼き
10050	10	＜魚類＞　（いわし類）　まいわし　塩いわし
10051	10	＜魚類＞　（いわし類）　まいわし　生干し
10052	10	＜魚類＞　（いわし類）　まいわし　丸干し
10053	10	＜魚類＞　（いわし類）　めざし　生
10054	10	＜魚類＞　（いわし類）　めざし　焼き
10055	10	＜魚類＞　（いわし類）　しらす干し　微乾燥品
10056	10	＜魚類＞　（いわし類）　しらす干し　半乾燥品
10057	10	＜魚類＞　（いわし類）　たたみいわし
10058	10	＜魚類＞　（いわし類）　みりん干し　かたくちいわし
10059	10	＜魚類＞　（いわし類）　みりん干し　まいわし
10060	10	＜魚類＞　（いわし類）　缶詰　水煮
10061	10	＜魚類＞　（いわし類）　缶詰　味付け
10062	10	＜魚類＞　（いわし類）　缶詰　トマト漬
10063	10	＜魚類＞　（いわし類）　缶詰　油漬
10064	10	＜魚類＞　（いわし類）　缶詰　かば焼
10065	10	＜魚類＞　いわな　養殖　生
10066	10	＜魚類＞　うぐい　生
10067	10	＜魚類＞　うなぎ　養殖　生
10068	10	＜魚類＞　うなぎ　きも　生
10069	10	＜魚類＞　うなぎ　白焼き
10070	10	＜魚類＞　うなぎ　かば焼
10071	10	＜魚類＞　うまづらはぎ　生
10072	10	＜魚類＞　うまづらはぎ　味付け開き干し
10073	10	＜魚類＞　えい　生
10074	10	＜魚類＞　えそ　生
10075	10	＜魚類＞　おいかわ　生
10076	10	＜魚類＞　おおさが　生
10077	10	＜魚類＞　おこぜ　生
10078	10	＜魚類＞　おひょう　生
10079	10	＜魚類＞　かさご　生
10080	10	＜魚類＞　かじか　生
10081	10	＜魚類＞　かじか　水煮
10082	10	＜魚類＞　かじか　つくだ煮
10083	10	＜魚類＞　（かじき類）　くろかじき　生
10084	10	＜魚類＞　（かじき類）　まかじき　生
10085	10	＜魚類＞　（かじき類）　めかじき　生
10086	10	＜魚類＞　（かつお類）　かつお　春獲り　生
10087	10	＜魚類＞　（かつお類）　かつお　秋獲り　生
10088	10	＜魚類＞　（かつお類）　そうだがつお　生
10089	10	＜魚類＞　（かつお類）　加工品　なまり
10090	10	＜魚類＞　（かつお類）　加工品　なまり節
10091	10	＜魚類＞　（かつお類）　加工品　かつお節
10092	10	＜魚類＞　（かつお類）　加工品　削り節
10093	10	＜魚類＞　（かつお類）　加工品　削り節つくだ煮
10094	10	＜魚類＞　（かつお類）　加工品　角煮
10095	10	＜魚類＞　（かつお類）　加工品　塩辛
10096	10	＜魚類＞　（かつお類）　缶詰　味付け　フレーク
10097	10	＜魚類＞　（かつお類）　缶詰　油漬　フレーク
10098	10	＜魚類＞　かます　生
10099	10	＜魚類＞　かます　焼き
10100	10	＜魚類＞　（かれい類）　まがれい　生
10101	10	＜魚類＞　（かれい類）　まがれい　水煮
10102	10	＜魚類＞　（かれい類）　まがれい　焼き
10103	10	＜魚類＞　（かれい類）　まこがれい　生
10104	10	＜魚類＞　（かれい類）　子持ちがれい　生
10105	10	＜魚類＞　（かれい類）　子持ちがれい　水煮
10106	10	＜魚類＞　（かれい類）　干しかれい
10107	10	＜魚類＞　かわはぎ　生
10108	10	＜魚類＞　かんぱち　三枚おろし　生
10109	10	＜魚類＞　きす　生
10110	10	＜魚類＞　きちじ　生
10111	10	＜魚類＞　きびなご　生
10112	10	＜魚類＞　きびなご　調味干し
10113	10	＜魚類＞　キャビア　塩蔵品
10114	10	＜魚類＞　キングクリップ　生
10115	10	＜魚類＞　ぎんだら　生
10116	10	＜魚類＞　きんめだい　生
10117	10	＜魚類＞　ぐち　生
10118	10	＜魚類＞　ぐち　焼き
10119	10	＜魚類＞　こい　養殖　生
10120	10	＜魚類＞　こい　養殖　水煮
10121	10	＜魚類＞　こい　養殖　内臓　生
10122	10	＜魚類＞　（こち類）　まごち　生
10123	10	＜魚類＞　（こち類）　めごち　生
10124	10	＜魚類＞　このしろ　生
10125	10	＜魚類＞　このしろ　甘酢漬
10126	10	＜魚類＞　（さけ・ます類）　からふとます　生
10127	10	＜魚類＞　（さけ・ます類）　からふとます　焼き
10128	10	＜魚類＞　（さけ・ます類）　からふとます　塩ます
10129	10	＜魚類＞　（さけ・ます類）　からふとます　水煮缶詰
10130	10	＜魚類＞　（さけ・ます類）　ぎんざけ　養殖　生
10131	10	＜魚類＞　（さけ・ます類）　ぎんざけ　養殖　焼き
10132	10	＜魚類＞　（さけ・ます類）　さくらます　生
10133	10	＜魚類＞　（さけ・ます類）　さくらます　焼き
10134	10	＜魚類＞　（さけ・ます類）　しろさけ　生
10135	10	＜魚類＞　（さけ・ます類）　しろさけ　水煮
10136	10	＜魚類＞　（さけ・ます類）　しろさけ　焼き
10137	10	＜魚類＞　（さけ・ます類）　しろさけ　新巻き　生
10138	10	＜魚類＞　（さけ・ます類）　しろさけ　新巻き　焼き
10139	10	＜魚類＞　（さけ・ます類）　しろさけ　塩ざけ
10140	10	＜魚類＞　（さけ・ます類）　しろさけ　イクラ
10141	10	＜魚類＞　（さけ・ます類）　しろさけ　すじこ
10142	10	＜魚類＞　（さけ・ます類）　しろさけ　めふん
10143	10	＜魚類＞　（さけ・ます類）　しろさけ　水煮缶詰
10144	10	＜魚類＞　（さけ・ます類）　たいせいようさけ　養殖　皮つき　生
10145	10	＜魚類＞　（さけ・ます類）　たいせいようさけ　養殖　皮つき　焼き
10146	10	＜魚類＞　（さけ・ます類）　にじます　海面養殖　皮つき　生
10147	10	＜魚類＞　（さけ・ます類）　にじます　海面養殖　皮つき　焼き
10148	10	＜魚類＞　（さけ・ます類）　にじます　淡水養殖　皮つき　生
10149	10	＜魚類＞　（さけ・ます類）　べにざけ　生
10150	10	＜魚類＞　（さけ・ます類）　べにざけ　焼き
10151	10	＜魚類＞　（さけ・ます類）　べにざけ　くん製
10152	10	＜魚類＞　（さけ・ます類）　ますのすけ　生
10153	10	＜魚類＞　（さけ・ます類）　ますのすけ　焼き
10154	10	＜魚類＞　（さば類）　まさば　生
10155	10	＜魚類＞　（さば類）　まさば　水煮
10156	10	＜魚類＞　（さば類）　まさば　焼き
10157	10	＜魚類＞　（さば類）　ごまさば　さば節
10158	10	＜魚類＞　（さば類）　たいせいようさば　生
10159	10	＜魚類＞　（さば類）　たいせいようさば　水煮
10160	10	＜魚類＞　（さば類）　たいせいようさば　焼き
10161	10	＜魚類＞　（さば類）　加工品　塩さば
10162	10	＜魚類＞　（さば類）　加工品　開き干し
10163	10	＜魚類＞　（さば類）　加工品　しめさば
10164	10	＜魚類＞　（さば類）　缶詰　水煮
10165	10	＜魚類＞　（さば類）　缶詰　みそ煮
10166	10	＜魚類＞　（さば類）　缶詰　味付け
10167	10	＜魚類＞　（さめ類）　あぶらつのざめ　生
10168	10	＜魚類＞　（さめ類）　よしきりざめ　生
10169	10	＜魚類＞　（さめ類）　ふかひれ
10170	10	＜魚類＞　さより　生
10171	10	＜魚類＞　さわら　生
10172	10	＜魚類＞　さわら　焼き
10173	10	＜魚類＞　さんま　皮つき　生
10174	10	＜魚類＞　さんま　皮つき　焼き
10175	10	＜魚類＞　さんま　開き干し
10176	10	＜魚類＞　さんま　みりん干し
10177	10	＜魚類＞　さんま　缶詰　味付け
10178	10	＜魚類＞　さんま　缶詰　かば焼
10179	10	＜魚類＞　しいら　生
10180	10	＜魚類＞　（ししゃも類）　ししゃも　生干し　生
10181	10	＜魚類＞　（ししゃも類）　ししゃも　生干し　焼き
10182	10	＜魚類＞　（ししゃも類）　からふとししゃも　生干し　生
10183	10	＜魚類＞　（ししゃも類）　からふとししゃも　生干し　焼き
10184	10	＜魚類＞　したびらめ　生
10185	10	＜魚類＞　しまあじ　養殖　生
10186	10	＜魚類＞　しらうお　生
10187	10	＜魚類＞　シルバー　生
10188	10	＜魚類＞　すずき　生
10189	10	＜魚類＞　（たい類）　きだい　生
10190	10	＜魚類＞　（たい類）　くろだい　生
10191	10	＜魚類＞　（たい類）　ちだい　生
10192	10	＜魚類＞　（たい類）　まだい　天然　生
10193	10	＜魚類＞　（たい類）　まだい　養殖　皮つき　生
10194	10	＜魚類＞　（たい類）　まだい　養殖　皮つき　水煮
10195	10	＜魚類＞　（たい類）　まだい　養殖　皮つき　焼き
10196	10	＜魚類＞　たかさご　生
10197	10	＜魚類＞　たかべ　生
10198	10	＜魚類＞　たちうお　生
10199	10	＜魚類＞　（たら類）　すけとうだら　生
10200	10	＜魚類＞　（たら類）　すけとうだら　すり身
10201	10	＜魚類＞　（たら類）　すけとうだら　すきみだら
10202	10	＜魚類＞　（たら類）　すけとうだら　たらこ　生
10203	10	＜魚類＞　（たら類）　すけとうだら　たらこ　焼き
10204	10	＜魚類＞　（たら類）　すけとうだら　からしめんたいこ
10205	10	＜魚類＞　（たら類）　まだら　生
10206	10	＜魚類＞　（たら類）　まだら　焼き
10207	10	＜魚類＞　（たら類）　まだら　しらこ　生
10208	10	＜魚類＞　（たら類）　まだら　塩だら
10209	10	＜魚類＞　（たら類）　まだら　干しだら
10210	10	＜魚類＞　（たら類）　加工品　でんぶ
10211	10	＜魚類＞　ちか　生
10212	10	＜魚類＞　ナイルティラピア　生
10213	10	＜魚類＞　どじょう　生
10214	10	＜魚類＞　どじょう　水煮
10215	10	＜魚類＞　とびうお　生
10216	10	＜魚類＞　なまず　生
10217	10	＜魚類＞　にぎす　生
10218	10	＜魚類＞　にしん　生
10219	10	＜魚類＞　にしん　身欠きにしん
10220	10	＜魚類＞　にしん　開き干し
10221	10	＜魚類＞　にしん　くん製
10222	10	＜魚類＞　にしん　かずのこ　生
10223	10	＜魚類＞　にしん　かずのこ　乾
10224	10	＜魚類＞　にしん　かずのこ　塩蔵　水戻し
10225	10	＜魚類＞　はぜ　生
10226	10	＜魚類＞　はぜ　つくだ煮
10227	10	＜魚類＞　はぜ　甘露煮
10228	10	＜魚類＞　はたはた　生
10229	10	＜魚類＞　はたはた　生干し
10230	10	＜魚類＞　はまふえふき　生
10231	10	＜魚類＞　はも　生
10232	10	＜魚類＞　みなみくろたち　生
10233	10	＜魚類＞　ひらまさ　生
10234	10	＜魚類＞　ひらめ　天然　生
10235	10	＜魚類＞　ひらめ　養殖　皮つき　生
10236	10	＜魚類＞　（ふぐ類）　とらふぐ　養殖　生
10237	10	＜魚類＞　（ふぐ類）　まふぐ　生
10238	10	＜魚類＞　ふな　生
10239	10	＜魚類＞　ふな　水煮
10240	10	＜魚類＞　ふな　甘露煮
10241	10	＜魚類＞　ぶり　成魚　生
10242	10	＜魚類＞　ぶり　成魚　焼き
10243	10	＜魚類＞　ぶり　はまち　養殖　皮つき　生
10244	10	＜魚類＞　ほうぼう　生
10245	10	＜魚類＞　ホキ　生
10246	10	＜魚類＞　ほっけ　生
10247	10	＜魚類＞　ほっけ　塩ほっけ
10248	10	＜魚類＞　ほっけ　開き干し　生
10249	10	＜魚類＞　ぼら　生
10250	10	＜魚類＞　ぼら　からすみ
10251	10	＜魚類＞　ほんもろこ　生
10252	10	＜魚類＞　（まぐろ類）　きはだ　生
10253	10	＜魚類＞　（まぐろ類）　くろまぐろ　天然　赤身　生
10254	10	＜魚類＞　（まぐろ類）　くろまぐろ　天然　脂身　生
10255	10	＜魚類＞　（まぐろ類）　びんなが　生
10256	10	＜魚類＞　（まぐろ類）　みなみまぐろ　赤身　生
10257	10	＜魚類＞　（まぐろ類）　みなみまぐろ　脂身　生
10258	10	＜魚類＞　（まぐろ類）　めじまぐろ　生
10260	10	＜魚類＞　（まぐろ類）　缶詰　水煮　フレーク　ライト
10261	10	＜魚類＞　（まぐろ類）　缶詰　水煮　フレーク　ホワイト
10262	10	＜魚類＞　（まぐろ類）　缶詰　味付け　フレーク
10263	10	＜魚類＞　（まぐろ類）　缶詰　油漬　フレーク　ライト
10264	10	＜魚類＞　（まぐろ類）　缶詰　油漬　フレーク　ホワイト
10265	10	＜魚類＞　マジェランあいなめ　生
10266	10	＜魚類＞　まながつお　生
10267	10	＜魚類＞　みなみだら　生
10268	10	＜魚類＞　むつ　生
10269	10	＜魚類＞　むつ　水煮
10270	10	＜魚類＞　めじな　生
10271	10	＜魚類＞　めばる　生
10272	10	＜魚類＞　メルルーサ　生
10273	10	＜魚類＞　やつめうなぎ　生
10274	10	＜魚類＞　やつめうなぎ　干しやつめ
10275	10	＜魚類＞　やまめ　養殖　生
10276	10	＜魚類＞　わかさぎ　生
10277	10	＜魚類＞　わかさぎ　つくだ煮
10278	10	＜魚類＞　わかさぎ　あめ煮
10279	10	＜貝類＞　あかがい　生
10280	10	＜貝類＞　あげまき　生
10281	10	＜貝類＞　あさり　生
10282	10	＜貝類＞　あさり　つくだ煮
10283	10	＜貝類＞　あさり　缶詰　水煮
10284	10	＜貝類＞　あさり　缶詰　味付け
10286	10	＜貝類＞　あわび　干し
10287	10	＜貝類＞　あわび　塩辛
10288	10	＜貝類＞　あわび　水煮缶詰
10289	10	＜貝類＞　いがい　生
10290	10	＜貝類＞　いたやがい　養殖　生
10291	10	＜貝類＞　エスカルゴ　水煮缶詰
10292	10	＜貝類＞　かき　養殖　生
10293	10	＜貝類＞　かき　養殖　水煮
10294	10	＜貝類＞　かき　くん製油漬缶詰
10295	10	＜貝類＞　さざえ　生
10296	10	＜貝類＞　さざえ　焼き
10297	10	＜貝類＞　しじみ　生
10298	10	＜貝類＞　たいらがい　貝柱　生
10299	10	＜貝類＞　たにし　生
10300	10	＜貝類＞　つぶ　生
10301	10	＜貝類＞　とこぶし　生
10303	10	＜貝類＞　とりがい　斧足　生
10304	10	＜貝類＞　ばい　生
10305	10	＜貝類＞　ばかがい　生
10306	10	＜貝類＞　（はまぐり類）　はまぐり　生
10307	10	＜貝類＞　（はまぐり類）　はまぐり　水煮
10308	10	＜貝類＞　（はまぐり類）　はまぐり　焼き
10309	10	＜貝類＞　（はまぐり類）　はまぐり　つくだ煮
10310	10	＜貝類＞　（はまぐり類）　ちょうせんはまぐり　生
10311	10	＜貝類＞　ほたてがい　生
10312	10	＜貝類＞　ほたてがい　水煮
10313	10	＜貝類＞　ほたてがい　貝柱　生
10314	10	＜貝類＞　ほたてがい　貝柱　煮干し
10315	10	＜貝類＞　ほたてがい　貝柱　水煮缶詰
10316	10	＜貝類＞　ほっきがい　生
10317	10	＜貝類＞　みるがい　水管　生
10318	10	＜貝類＞　さるぼう　味付け缶詰
10319	10	＜えび・かに類＞　（えび類）　あまえび　生
10320	10	＜えび・かに類＞　（えび類）　いせえび　生
10321	10	＜えび・かに類＞　（えび類）　くるまえび　養殖　生
10322	10	＜えび・かに類＞　（えび類）　くるまえび　養殖　ゆで
10323	10	＜えび・かに類＞　（えび類）　くるまえび　養殖　焼き
10324	10	＜えび・かに類＞　（えび類）　さくらえび　ゆで
10325	10	＜えび・かに類＞　（えび類）　さくらえび　素干し
10326	10	＜えび・かに類＞　（えび類）　さくらえび　煮干し
10327	10	＜えび・かに類＞　（えび類）　大正えび　生
10328	10	＜えび・かに類＞　（えび類）　しばえび　生
10329	10	＜えび・かに類＞　（えび類）　ブラックタイガー　養殖　生
10330	10	＜えび・かに類＞　（えび類）　加工品　干しえび
10331	10	＜えび・かに類＞　（えび類）　加工品　つくだ煮
10332	10	＜えび・かに類＞　（かに類）　がざみ　生
10333	10	＜えび・かに類＞　（かに類）　毛がに　生
10334	10	＜えび・かに類＞　（かに類）　毛がに　ゆで
10335	10	＜えび・かに類＞　（かに類）　ずわいがに　生
10336	10	＜えび・かに類＞　（かに類）　ずわいがに　ゆで
10337	10	＜えび・かに類＞　（かに類）　ずわいがに　水煮缶詰
10338	10	＜えび・かに類＞　（かに類）　たらばがに　生
10339	10	＜えび・かに類＞　（かに類）　たらばがに　ゆで
10340	10	＜えび・かに類＞　（かに類）　たらばがに　水煮缶詰
10341	10	＜えび・かに類＞　（かに類）　加工品　がん漬
10342	10	＜いか・たこ類＞　（いか類）　あかいか　生
10343	10	＜いか・たこ類＞　（いか類）　けんさきいか　生
10344	10	＜いか・たこ類＞　（いか類）　こういか　生
10345	10	＜いか・たこ類＞　（いか類）　するめいか　生
10346	10	＜いか・たこ類＞　（いか類）　するめいか　水煮
10347	10	＜いか・たこ類＞　（いか類）　するめいか　焼き
10348	10	＜いか・たこ類＞　（いか類）　ほたるいか　生
10349	10	＜いか・たこ類＞　（いか類）　ほたるいか　ゆで
10350	10	＜いか・たこ類＞　（いか類）　ほたるいか　くん製
10351	10	＜いか・たこ類＞　（いか類）　ほたるいか　つくだ煮
10352	10	＜いか・たこ類＞　（いか類）　やりいか　生
10353	10	＜いか・たこ類＞　（いか類）　加工品　するめ
10354	10	＜いか・たこ類＞　（いか類）　加工品　さきいか
10355	10	＜いか・たこ類＞　（いか類）　加工品　くん製
10356	10	＜いか・たこ類＞　（いか類）　加工品　切りいかあめ煮
10357	10	＜いか・たこ類＞　（いか類）　加工品　いかあられ
10358	10	＜いか・たこ類＞　（いか類）　加工品　塩辛
10359	10	＜いか・たこ類＞　（いか類）　加工品　味付け缶詰
10360	10	＜いか・たこ類＞　（たこ類）　いいだこ　生
10361	10	＜いか・たこ類＞　（たこ類）　まだこ　皮つき　生
10362	10	＜いか・たこ類＞　（たこ類）　まだこ　ゆで
10363	10	＜その他＞　あみ　つくだ煮
10364	10	＜その他＞　あみ　塩辛
10365	10	＜その他＞　うに　生うに
10366	10	＜その他＞　うに　粒うに
10367	10	＜その他＞　うに　練りうに
10368	10	＜その他＞　おきあみ　生
10369	10	＜その他＞　おきあみ　ゆで
10370	10	＜その他＞　くらげ　塩蔵　塩抜き
10371	10	＜その他＞　しゃこ　ゆで
10372	10	＜その他＞　なまこ　生
10373	10	＜その他＞　なまこ　このわた
10374	10	＜その他＞　ほや　生
10375	10	＜その他＞　ほや　塩辛
10376	10	＜水産練り製品＞　かに風味かまぼこ
10377	10	＜水産練り製品＞　昆布巻きかまぼこ
10378	10	＜水産練り製品＞　す巻きかまぼこ
10379	10	＜水産練り製品＞　蒸しかまぼこ
10380	10	＜水産練り製品＞　焼き抜きかまぼこ
10381	10	＜水産練り製品＞　焼き竹輪
10382	10	＜水産練り製品＞　だて巻
10383	10	＜水産練り製品＞　つみれ
10384	10	＜水産練り製品＞　なると
10385	10	＜水産練り製品＞　はんぺん
10386	10	＜水産練り製品＞　さつま揚げ
10387	10	＜水産練り製品＞　魚肉ハム
10388	10	＜水産練り製品＞　魚肉ソーセージ
10389	10	＜魚類＞　（あじ類）　まあじ　皮なし　生
10390	10	＜魚類＞　（あじ類）　まあじ　皮つき　フライ
10391	10	＜魚類＞　（あじ類）　まあじ　小型　骨付き　生
10392	10	＜魚類＞　（あじ類）　まあじ　小型　骨付き　から揚げ
10393	10	＜魚類＞　（あじ類）　まるあじ　生
10394	10	＜魚類＞　（あじ類）　まるあじ　焼き
10395	10	＜魚類＞　（いわし類）　まいわし　フライ
10396	10	＜魚類＞　（いわし類）　しらす　生
10397	10	＜魚類＞　（いわし類）　缶詰　アンチョビ
10398	10	＜魚類＞　（かじき類）　めかじき　焼き
10399	10	＜魚類＞　（かれい類）　まこがれい　焼き
10400	10	＜魚類＞　きす　天ぷら
10401	10	＜魚類＞　ぎんだら　水煮
10402	10	＜魚類＞　（さけ・ます類）　にじます　海面養殖　皮なし　生
10403	10	＜魚類＞　（さば類）　まさば　フライ
10404	10	＜魚類＞　（さば類）　ごまさば　生
10405	10	＜魚類＞　（さば類）　ごまさば　水煮
10406	10	＜魚類＞　（さば類）　ごまさば　焼き
10407	10	＜魚類＞　さんま　皮なし　生
10408	10	＜魚類＞　（たい類）　まだい　養殖　皮なし　生
10409	10	＜魚類＞　（たら類）　すけとうだら　フライ
10410	10	＜魚類＞　ひらめ　養殖　皮なし　生
10411	10	＜魚類＞　ぶり　はまち　養殖　皮なし　生
10412	10	＜魚類＞　ほっけ　開き干し　焼き
10413	10	＜貝類＞　しじみ　水煮
10414	10	＜貝類＞　ほたてがい　貝柱　焼き
10415	10	＜えび・かに類＞　（えび類）　バナメイえび　養殖　生
10416	10	＜えび・かに類＞　（えび類）　バナメイえび　養殖　天ぷら
10417	10	＜いか・たこ類＞　（いか類）　するめいか　胴　皮つき　生
10418	10	＜いか・たこ類＞　（いか類）　するめいか　胴　皮なし　生
10419	10	＜いか・たこ類＞　（いか類）　するめいか　胴　皮なし　天ぷら
10420	10	＜いか・たこ類＞　（いか類）　するめいか　耳・足　生
10421	10	＜魚類＞　とびうお　煮干し
10422	10	＜魚類＞　とびうお　焼き干し
10423	10	＜水産練り製品＞　黒はんぺん
10424	10	＜魚類＞　かんぱち　背側　生
10425	10	＜魚類＞　（まぐろ類） めばち　赤身　生
10426	10	＜魚類＞　（まぐろ類） めばち　脂身　生
10427	10	＜貝類＞　あわび　くろあわび　生
10428	10	＜貝類＞　あわび　まだかあわび　生
10429	10	＜貝類＞　あわび　めがいあわび　生
10430	10	＜貝類＞　かき　養殖　フライ
10431	10	＜えび・かに類＞　（えび類）　さくらえび　生
10432	10	＜いか・たこ類＞　（たこ類）　みずだこ　生
10433	10	＜魚類＞　（さけ・ます類）　たいせいようさけ　養殖　皮つき　水煮
10434	10	＜魚類＞　（さけ・ます類）　たいせいようさけ　養殖　皮つき　蒸し
10435	10	＜魚類＞　（さけ・ます類）　たいせいようさけ　養殖　皮つき　電子レンジ調理
10436	10	＜魚類＞　（さけ・ます類）　たいせいようさけ　養殖　皮つき　ソテー
10437	10	＜魚類＞　（さけ・ます類）　たいせいようさけ　養殖　皮つき　天ぷら
10438	10	＜魚類＞　（さけ・ます類）　たいせいようさけ　養殖　皮なし　生
10439	10	＜魚類＞　（さけ・ます類）　たいせいようさけ　養殖　皮なし　水煮
10440	10	＜魚類＞　（さけ・ます類）　たいせいようさけ　養殖　皮なし　蒸し
10441	10	＜魚類＞　（さけ・ます類）　たいせいようさけ　養殖　皮なし　電子レンジ調理
10442	10	＜魚類＞　（さけ・ます類）　たいせいようさけ　養殖　皮なし　焼き
10443	10	＜魚類＞　（さけ・ます類）　たいせいようさけ　養殖　皮なし　ソテー
10444	10	＜魚類＞　（さけ・ます類）　たいせいようさけ　養殖　皮なし　天ぷら
10445	10	＜魚類＞　（いわし類）　しらす　釜揚げしらす
10446	10	＜魚類＞　（かつお類）　加工品　裸節
10447	10	＜魚類＞　（さけ・ます類）　しろさけ　サケ節　削り節
10448	10	＜魚類＞　（たら類）　加工品　桜でんぶ
10449	10	＜魚類＞　ふな　ふなずし
10450	10	＜魚類＞　（まぐろ類）　くろまぐろ　養殖　赤身　生
10451	10	＜魚類＞　（まぐろ類）　くろまぐろ　養殖　赤身　水煮
10452	10	＜魚類＞　（まぐろ類）　くろまぐろ　養殖　赤身　蒸し
10453	10	＜魚類＞　（まぐろ類）　くろまぐろ　養殖　赤身　電子レンジ調理
10454	10	＜魚類＞　（まぐろ類）　くろまぐろ　養殖　赤身　焼き
10455	10	＜魚類＞　（まぐろ類）　くろまぐろ　養殖　赤身　ソテー
10456	10	＜魚類＞　（まぐろ類）　くろまぐろ　養殖　赤身　天ぷら
10457	10	＜魚類＞　（あじ類）　にしまあじ　開き干し　生
10458	10	＜魚類＞　（あじ類）　にしまあじ　開き干し　焼き
10459	10	＜魚類＞　（まぐろ類）　くろまぐろ　養殖　脂身　生
10460	10	＜魚類＞　（まぐろ類）　くろまぐろ　養殖　脂身　水煮
10461	10	＜魚類＞　（まぐろ類）　くろまぐろ　養殖　脂身　蒸し
10462	10	＜魚類＞　（まぐろ類）　くろまぐろ　養殖　脂身　電子レンジ調理
10463	10	＜魚類＞　（まぐろ類）　くろまぐろ　養殖　脂身　焼き
10464	10	＜魚類＞　（まぐろ類）　くろまぐろ　養殖　脂身　ソテー
10465	10	＜魚類＞　（まぐろ類）　くろまぐろ　養殖　脂身　天ぷら
10466	10	＜貝類＞　あさり　蒸し
10467	10	＜えび・かに類＞　（えび類）　アルゼンチンあかえび　生
10468	10	＜えび・かに類＞　（えび類）　アルゼンチンあかえび　ゆで
10469	10	＜えび・かに類＞　（えび類）　アルゼンチンあかえび　焼き
10470	10	＜いか・たこ類＞　（いか類）　するめいか　胴　皮なし　フライ
10471	10	＜いか・たこ類＞　（たこ類）　まだこ　皮なし　生
10472	10	＜いか・たこ類＞　（たこ類）　まだこ　蒸しだこ
10473	10	＜いか・たこ類＞　（たこ類）　まだこ　蒸しだこ　油いため
10474	10	＜いか・たこ類＞　（たこ類）　まだこ　蒸しだこ　素揚げ
11001	11	＜畜肉類＞　いのしし　肉　脂身つき　生
11002	11	＜畜肉類＞　いのぶた　肉　脂身つき　生
11003	11	＜畜肉類＞　うさぎ　肉　赤肉　生
11004	11	＜畜肉類＞　うし　［和牛肉］　かた　脂身つき　生
11005	11	＜畜肉類＞　うし　［和牛肉］　かた　皮下脂肪なし　生
11006	11	＜畜肉類＞　うし　［和牛肉］　かた　赤肉　生
11007	11	＜畜肉類＞　うし　［和牛肉］　かた　脂身　生
11008	11	＜畜肉類＞　うし　［和牛肉］　かたロース　脂身つき　生
11009	11	＜畜肉類＞　うし　［和牛肉］　かたロース　皮下脂肪なし　生
11010	11	＜畜肉類＞　うし　［和牛肉］　かたロース　赤肉　生
11011	11	＜畜肉類＞　うし　［和牛肉］　リブロース　脂身つき　生
11012	11	＜畜肉類＞　うし　［和牛肉］　リブロース　皮下脂肪なし　生
11013	11	＜畜肉類＞　うし　［和牛肉］　リブロース　赤肉　生
11014	11	＜畜肉類＞　うし　［和牛肉］　リブロース　脂身　生
11015	11	＜畜肉類＞　うし　［和牛肉］　サーロイン　脂身つき　生
11016	11	＜畜肉類＞　うし　［和牛肉］　サーロイン　皮下脂肪なし　生
11017	11	＜畜肉類＞　うし　［和牛肉］　サーロイン　赤肉　生
11018	11	＜畜肉類＞　うし　［和牛肉］　ばら　脂身つき　生
11019	11	＜畜肉類＞　うし　［和牛肉］　もも　脂身つき　生
11020	11	＜畜肉類＞　うし　［和牛肉］　もも　皮下脂肪なし　生
11021	11	＜畜肉類＞　うし　［和牛肉］　もも　赤肉　生
11022	11	＜畜肉類＞　うし　［和牛肉］　もも　脂身　生
11023	11	＜畜肉類＞　うし　［和牛肉］　そともも　脂身つき　生
11024	11	＜畜肉類＞　うし　［和牛肉］　そともも　皮下脂肪なし　生
11025	11	＜畜肉類＞　うし　［和牛肉］　そともも　赤肉　生
11026	11	＜畜肉類＞　うし　［和牛肉］　ランプ　脂身つき　生
11027	11	＜畜肉類＞　うし　［和牛肉］　ランプ　皮下脂肪なし　生
11028	11	＜畜肉類＞　うし　［和牛肉］　ランプ　赤肉　生
11029	11	＜畜肉類＞　うし　［和牛肉］　ヒレ　赤肉　生
11030	11	＜畜肉類＞　うし　［乳用肥育牛肉］　かた　脂身つき　生
11031	11	＜畜肉類＞　うし　［乳用肥育牛肉］　かた　皮下脂肪なし　生
11032	11	＜畜肉類＞　うし　［乳用肥育牛肉］　かた　赤肉　生
11033	11	＜畜肉類＞　うし　［乳用肥育牛肉］　かた　脂身　生
11034	11	＜畜肉類＞　うし　［乳用肥育牛肉］　かたロース　脂身つき　生
11035	11	＜畜肉類＞　うし　［乳用肥育牛肉］　かたロース　皮下脂肪なし　生
11036	11	＜畜肉類＞　うし　［乳用肥育牛肉］　かたロース　赤肉　生
11037	11	＜畜肉類＞　うし　［乳用肥育牛肉］　リブロース　脂身つき　生
11038	11	＜畜肉類＞　うし　［乳用肥育牛肉］　リブロース　脂身つき　焼き
11039	11	＜畜肉類＞　うし　［乳用肥育牛肉］　リブロース　脂身つき　ゆで
11040	11	＜畜肉類＞　うし　［乳用肥育牛肉］　リブロース　皮下脂肪なし　生
11041	11	＜畜肉類＞　うし　［乳用肥育牛肉］　リブロース　赤肉　生
11042	11	＜畜肉類＞　うし　［乳用肥育牛肉］　リブロース　脂身　生
11043	11	＜畜肉類＞　うし　［乳用肥育牛肉］　サーロイン　脂身つき　生
11044	11	＜畜肉類＞　うし　［乳用肥育牛肉］　サーロイン　皮下脂肪なし　生
11045	11	＜畜肉類＞　うし　［乳用肥育牛肉］　サーロイン　赤肉　生
11046	11	＜畜肉類＞　うし　［乳用肥育牛肉］　ばら　脂身つき　生
11047	11	＜畜肉類＞　うし　［乳用肥育牛肉］　もも　脂身つき　生
11048	11	＜畜肉類＞　うし　［乳用肥育牛肉］　もも　皮下脂肪なし　生
11049	11	＜畜肉類＞　うし　［乳用肥育牛肉］　もも　皮下脂肪なし　焼き
11050	11	＜畜肉類＞　うし　［乳用肥育牛肉］　もも　皮下脂肪なし　ゆで
11051	11	＜畜肉類＞　うし　［乳用肥育牛肉］　もも　赤肉　生
11052	11	＜畜肉類＞　うし　［乳用肥育牛肉］　もも　脂身　生
11053	11	＜畜肉類＞　うし　［乳用肥育牛肉］　そともも　脂身つき　生
11054	11	＜畜肉類＞　うし　［乳用肥育牛肉］　そともも　皮下脂肪なし　生
11055	11	＜畜肉類＞　うし　［乳用肥育牛肉］　そともも　赤肉　生
11056	11	＜畜肉類＞　うし　［乳用肥育牛肉］　ランプ　脂身つき　生
11057	11	＜畜肉類＞　うし　［乳用肥育牛肉］　ランプ　皮下脂肪なし　生
11058	11	＜畜肉類＞　うし　［乳用肥育牛肉］　ランプ　赤肉　生
11059	11	＜畜肉類＞　うし　［乳用肥育牛肉］　ヒレ　赤肉　生
11060	11	＜畜肉類＞　うし　［輸入牛肉］　かた　脂身つき　生
11061	11	＜畜肉類＞　うし　［輸入牛肉］　かた　皮下脂肪なし　生
11062	11	＜畜肉類＞　うし　［輸入牛肉］　かた　赤肉　生
11063	11	＜畜肉類＞　うし　［輸入牛肉］　かた　脂身　生
11064	11	＜畜肉類＞　うし　［輸入牛肉］　かたロース　脂身つき　生
11065	11	＜畜肉類＞　うし　［輸入牛肉］　かたロース　皮下脂肪なし　生
11066	11	＜畜肉類＞　うし　［輸入牛肉］　かたロース　赤肉　生
11067	11	＜畜肉類＞　うし　［輸入牛肉］　リブロース　脂身つき　生
11068	11	＜畜肉類＞　うし　［輸入牛肉］　リブロース　皮下脂肪なし　生
11069	11	＜畜肉類＞　うし　［輸入牛肉］　リブロース　赤肉　生
11070	11	＜畜肉類＞　うし　［輸入牛肉］　リブロース　脂身　生
11071	11	＜畜肉類＞　うし　［輸入牛肉］　サーロイン　脂身つき　生
11072	11	＜畜肉類＞　うし　［輸入牛肉］　サーロイン　皮下脂肪なし　生
11073	11	＜畜肉類＞　うし　［輸入牛肉］　サーロイン　赤肉　生
11074	11	＜畜肉類＞　うし　［輸入牛肉］　ばら　脂身つき　生
11075	11	＜畜肉類＞　うし　［輸入牛肉］　もも　脂身つき　生
11076	11	＜畜肉類＞　うし　［輸入牛肉］　もも　皮下脂肪なし　生
11077	11	＜畜肉類＞　うし　［輸入牛肉］　もも　赤肉　生
11078	11	＜畜肉類＞　うし　［輸入牛肉］　もも　脂身　生
11079	11	＜畜肉類＞　うし　［輸入牛肉］　そともも　脂身つき　生
11080	11	＜畜肉類＞　うし　［輸入牛肉］　そともも　皮下脂肪なし　生
11081	11	＜畜肉類＞　うし　［輸入牛肉］　そともも　赤肉　生
11082	11	＜畜肉類＞　うし　［輸入牛肉］　ランプ　脂身つき　生
11083	11	＜畜肉類＞　うし　［輸入牛肉］　ランプ　皮下脂肪なし　生
11084	11	＜畜肉類＞　うし　［輸入牛肉］　ランプ　赤肉　生
11085	11	＜畜肉類＞　うし　［輸入牛肉］　ヒレ　赤肉　生
11086	11	＜畜肉類＞　うし　［子牛肉］　リブロース　皮下脂肪なし　生
11087	11	＜畜肉類＞　うし　［子牛肉］　ばら　皮下脂肪なし　生
11088	11	＜畜肉類＞　うし　［子牛肉］　もも　皮下脂肪なし　生
11089	11	＜畜肉類＞　うし　［ひき肉］　生
11090	11	＜畜肉類＞　うし　［副生物］　舌　生
11091	11	＜畜肉類＞　うし　［副生物］　心臓　生
11092	11	＜畜肉類＞　うし　［副生物］　肝臓　生
11093	11	＜畜肉類＞　うし　［副生物］　じん臓　生
11094	11	＜畜肉類＞　うし　［副生物］　第一胃　ゆで
11095	11	＜畜肉類＞　うし　［副生物］　第二胃　ゆで
11096	11	＜畜肉類＞　うし　［副生物］　第三胃　生
11097	11	＜畜肉類＞　うし　［副生物］　第四胃　ゆで
11098	11	＜畜肉類＞　うし　［副生物］　小腸　生
11099	11	＜畜肉類＞　うし　［副生物］　大腸　生
11100	11	＜畜肉類＞　うし　［副生物］　直腸　生
11101	11	＜畜肉類＞　うし　［副生物］　腱　ゆで
11102	11	＜畜肉類＞　うし　［副生物］　子宮　ゆで
11103	11	＜畜肉類＞　うし　［副生物］　尾　生
11104	11	＜畜肉類＞　うし　［加工品］　ローストビーフ
11105	11	＜畜肉類＞　うし　［加工品］　コンビーフ缶詰
11106	11	＜畜肉類＞　うし　［加工品］　味付け缶詰
11107	11	＜畜肉類＞　うし　［加工品］　ビーフジャーキー
11108	11	＜畜肉類＞　うし　［加工品］　スモークタン
11109	11	＜畜肉類＞　うま　肉　赤肉　生
11110	11	＜畜肉類＞　くじら　肉　赤肉　生
11111	11	＜畜肉類＞　くじら　うねす　生
11112	11	＜畜肉類＞　くじら　本皮　生
11113	11	＜畜肉類＞　くじら　さらしくじら
11114	11	＜畜肉類＞　しか　あかしか　赤肉　生
11115	11	＜畜肉類＞　ぶた　［大型種肉］　かた　脂身つき　生
11116	11	＜畜肉類＞　ぶた　［大型種肉］　かた　皮下脂肪なし　生
11117	11	＜畜肉類＞　ぶた　［大型種肉］　かた　赤肉　生
11118	11	＜畜肉類＞　ぶた　［大型種肉］　かた　脂身　生
11119	11	＜畜肉類＞　ぶた　［大型種肉］　かたロース　脂身つき　生
11120	11	＜畜肉類＞　ぶた　［大型種肉］　かたロース　皮下脂肪なし　生
11121	11	＜畜肉類＞　ぶた　［大型種肉］　かたロース　赤肉　生
11122	11	＜畜肉類＞　ぶた　［大型種肉］　かたロース　脂身　生
11123	11	＜畜肉類＞　ぶた　［大型種肉］　ロース　脂身つき　生
11124	11	＜畜肉類＞　ぶた　［大型種肉］　ロース　脂身つき　焼き
11125	11	＜畜肉類＞　ぶた　［大型種肉］　ロース　脂身つき　ゆで
11126	11	＜畜肉類＞　ぶた　［大型種肉］　ロース　皮下脂肪なし　生
11127	11	＜畜肉類＞　ぶた　［大型種肉］　ロース　赤肉　生
11128	11	＜畜肉類＞　ぶた　［大型種肉］　ロース　脂身　生
11129	11	＜畜肉類＞　ぶた　［大型種肉］　ばら　脂身つき　生
11130	11	＜畜肉類＞　ぶた　［大型種肉］　もも　脂身つき　生
11131	11	＜畜肉類＞　ぶた　［大型種肉］　もも　皮下脂肪なし　生
11132	11	＜畜肉類＞　ぶた　［大型種肉］　もも　皮下脂肪なし　焼き
11133	11	＜畜肉類＞　ぶた　［大型種肉］　もも　皮下脂肪なし　ゆで
11134	11	＜畜肉類＞　ぶた　［大型種肉］　もも　赤肉　生
11135	11	＜畜肉類＞　ぶた　［大型種肉］　もも　脂身　生
11136	11	＜畜肉類＞　ぶた　［大型種肉］　そともも　脂身つき　生
11137	11	＜畜肉類＞　ぶた　［大型種肉］　そともも　皮下脂肪なし　生
11138	11	＜畜肉類＞　ぶた　［大型種肉］　そともも　赤肉　生
11139	11	＜畜肉類＞　ぶた　［大型種肉］　そともも　脂身　生
11140	11	＜畜肉類＞　ぶた　［大型種肉］　ヒレ　赤肉　生
11141	11	＜畜肉類＞　ぶた　［中型種肉］　かた　脂身つき　生
11142	11	＜畜肉類＞　ぶた　［中型種肉］　かた　皮下脂肪なし　生
11143	11	＜畜肉類＞　ぶた　［中型種肉］　かた　赤肉　生
11144	11	＜畜肉類＞　ぶた　［中型種肉］　かた　脂身　生
11145	11	＜畜肉類＞　ぶた　［中型種肉］　かたロース　脂身つき　生
11146	11	＜畜肉類＞　ぶた　［中型種肉］　かたロース　皮下脂肪なし　生
11147	11	＜畜肉類＞　ぶた　［中型種肉］　かたロース　赤肉　生
11148	11	＜畜肉類＞　ぶた　［中型種肉］　かたロース　脂身　生
11149	11	＜畜肉類＞　ぶた　［中型種肉］　ロース　脂身つき　生
11150	11	＜畜肉類＞　ぶた　［中型種肉］　ロース　皮下脂肪なし　生
11151	11	＜畜肉類＞　ぶた　［中型種肉］　ロース　赤肉　生
11152	11	＜畜肉類＞　ぶた　［中型種肉］　ロース　脂身　生
11153	11	＜畜肉類＞　ぶた　［中型種肉］　ばら　脂身つき　生
11154	11	＜畜肉類＞　ぶた　［中型種肉］　もも　脂身つき　生
11155	11	＜畜肉類＞　ぶた　［中型種肉］　もも　皮下脂肪なし　生
11156	11	＜畜肉類＞　ぶた　［中型種肉］　もも　赤肉　生
11157	11	＜畜肉類＞　ぶた　［中型種肉］　もも　脂身　生
11158	11	＜畜肉類＞　ぶた　［中型種肉］　そともも　脂身つき　生
11159	11	＜畜肉類＞　ぶた　［中型種肉］　そともも　皮下脂肪なし　生
11160	11	＜畜肉類＞　ぶた　［中型種肉］　そともも　赤肉　生
11161	11	＜畜肉類＞　ぶた　［中型種肉］　そともも　脂身　生
11162	11	＜畜肉類＞　ぶた　［中型種肉］　ヒレ　赤肉　生
11163	11	＜畜肉類＞　ぶた　［ひき肉］　生
11164	11	＜畜肉類＞　ぶた　［副生物］　舌　生
11165	11	＜畜肉類＞　ぶた　［副生物］　心臓　生
11166	11	＜畜肉類＞　ぶた　［副生物］　肝臓　生
11167	11	＜畜肉類＞　ぶた　［副生物］　じん臓　生
11168	11	＜畜肉類＞　ぶた　［副生物］　胃　ゆで
11169	11	＜畜肉類＞　ぶた　［副生物］　小腸　ゆで
11170	11	＜畜肉類＞　ぶた　［副生物］　大腸　ゆで
11171	11	＜畜肉類＞　ぶた　［副生物］　子宮　生
11172	11	＜畜肉類＞　ぶた　［副生物］　豚足　ゆで
11173	11	＜畜肉類＞　ぶた　［副生物］　軟骨　ゆで
11174	11	＜畜肉類＞　ぶた　［ハム類］　骨付きハム
11175	11	＜畜肉類＞　ぶた　［ハム類］　ボンレスハム
11176	11	＜畜肉類＞　ぶた　［ハム類］　ロースハム　ロースハム
11177	11	＜畜肉類＞　ぶた　［ハム類］　ショルダーハム
11178	11	＜畜肉類＞　ぶた　［プレスハム類］　プレスハム
11179	11	＜畜肉類＞　めんよう　混合プレスハム
11180	11	＜畜肉類＞　ぶた　［プレスハム類］　チョップドハム
11181	11	＜畜肉類＞　ぶた　［ハム類］　生ハム　促成
11182	11	＜畜肉類＞　ぶた　［ハム類］　生ハム　長期熟成
11183	11	＜畜肉類＞　ぶた　［ベーコン類］　ばらベーコン　ばらベーコン　
11184	11	＜畜肉類＞　ぶた　［ベーコン類］　ロースベーコン
11185	11	＜畜肉類＞　ぶた　［ベーコン類］　ショルダーベーコン
11186	11	＜畜肉類＞　ぶた　［ソーセージ類］　ウインナーソーセージ　ウインナーソーセージ
11187	11	＜畜肉類＞　ぶた　［ソーセージ類］　セミドライソーセージ
11188	11	＜畜肉類＞　ぶた　［ソーセージ類］　ドライソーセージ
11189	11	＜畜肉類＞　ぶた　［ソーセージ類］　フランクフルトソーセージ
11190	11	＜畜肉類＞　ぶた　［ソーセージ類］　ボロニアソーセージ
11191	11	＜畜肉類＞　ぶた　［ソーセージ類］　リオナソーセージ
11192	11	＜畜肉類＞　ぶた　［ソーセージ類］　レバーソーセージ
11193	11	＜畜肉類＞　ぶた　［ソーセージ類］　混合ソーセージ
11194	11	＜畜肉類＞　ぶた　［ソーセージ類］　生ソーセージ
11195	11	＜畜肉類＞　ぶた　［その他］　焼き豚
11196	11	＜畜肉類＞　ぶた　［その他］　レバーペースト
11197	11	＜畜肉類＞　ぶた　［その他］　スモークレバー
11198	11	＜畜肉類＞　ぶた　［その他］　ゼラチン
11199	11	＜畜肉類＞　めんよう　［マトン］　ロース　脂身つき　生
11200	11	＜畜肉類＞　めんよう　［マトン］　もも　脂身つき　生
11201	11	＜畜肉類＞　めんよう　［ラム］　かた　脂身つき　生
11202	11	＜畜肉類＞　めんよう　［ラム］　ロース　脂身つき　生
11203	11	＜畜肉類＞　めんよう　［ラム］　もも　脂身つき　生
11204	11	＜畜肉類＞　やぎ　肉　赤肉　生
11205	11	＜鳥肉類＞　かも　あいがも　肉　皮つき　生
11206	11	＜鳥肉類＞　かも　あひる　肉　皮つき　生
11207	11	＜鳥肉類＞　うずら　肉　皮つき　生
11208	11	＜鳥肉類＞　かも　まがも　肉　皮なし　生
11209	11	＜鳥肉類＞　きじ　肉　皮なし　生
11210	11	＜鳥肉類＞　しちめんちょう　肉　皮なし　生
11211	11	＜鳥肉類＞　すずめ　肉　骨・皮つき　生
11212	11	＜鳥肉類＞　にわとり　［親・主品目］　手羽　皮つき　生
11213	11	＜鳥肉類＞　にわとり　［親・主品目］　むね　皮つき　生
11214	11	＜鳥肉類＞　にわとり　［親・主品目］　むね　皮なし　生
11215	11	＜鳥肉類＞　にわとり　［親・主品目］　もも　皮つき　生
11216	11	＜鳥肉類＞　にわとり　［親・主品目］　もも　皮なし　生
11217	11	＜鳥肉類＞　にわとり　［親・副品目］　ささみ　生
11218	11	＜鳥肉類＞　にわとり　［若どり・主品目］　手羽　皮つき　生
11219	11	＜鳥肉類＞　にわとり　［若どり・主品目］　むね　皮つき　生
11220	11	＜鳥肉類＞　にわとり　［若どり・主品目］　むね　皮なし　生
11221	11	＜鳥肉類＞　にわとり　［若どり・主品目］　もも　皮つき　生
11222	11	＜鳥肉類＞　にわとり　［若どり・主品目］　もも　皮つき　焼き
11223	11	＜鳥肉類＞　にわとり　［若どり・主品目］　もも　皮つき　ゆで
11224	11	＜鳥肉類＞　にわとり　［若どり・主品目］　もも　皮なし　生
11225	11	＜鳥肉類＞　にわとり　［若どり・主品目］　もも　皮なし　焼き
11226	11	＜鳥肉類＞　にわとり　［若どり・主品目］　もも　皮なし　ゆで
11227	11	＜鳥肉類＞　にわとり　［若どり・副品目］　ささみ　生
11228	11	＜鳥肉類＞　にわとり　［若どり・副品目］　ささみ　焼き
11229	11	＜鳥肉類＞　にわとり　［若どり・副品目］　ささみ　ゆで
11230	11	＜鳥肉類＞　にわとり　［二次品目］　ひき肉　生
11231	11	＜鳥肉類＞　にわとり　［副品目］　心臓　生
11232	11	＜鳥肉類＞　にわとり　［副品目］　肝臓　生
11233	11	＜鳥肉類＞　にわとり　［副品目］　すなぎも　生
11234	11	＜鳥肉類＞　にわとり　［副品目］　皮　むね　生
11235	11	＜鳥肉類＞　にわとり　［副品目］　皮　もも　生
11236	11	＜鳥肉類＞　にわとり　［副品目］　なんこつ（胸肉）　生
11237	11	＜鳥肉類＞　にわとり　［その他］　焼き鳥缶詰
11238	11	＜鳥肉類＞　はと　肉　皮なし　生
11239	11	＜鳥肉類＞　がちょう　フォアグラ　ゆで
11240	11	＜鳥肉類＞　ほろほろちょう　肉　皮なし　生
11241	11	＜その他＞　いなご　つくだ煮
11242	11	＜その他＞　かえる　肉　生
11243	11	＜その他＞　すっぽん　肉　生
11244	11	＜その他＞　はち　はちの子缶詰
11245	11	＜畜肉類＞　めんよう　［マトン］　ロース　皮下脂肪なし　生
11246	11	＜畜肉類＞　めんよう　［ラム］　ロース　皮下脂肪なし　生
11247	11	＜鳥肉類＞　かも　あひる　肉　皮なし　生
11248	11	＜畜肉類＞　うし　［和牛肉］　リブロース　脂身つき　焼き
11249	11	＜畜肉類＞　うし　［和牛肉］　リブロース　脂身つき　ゆで
11250	11	＜畜肉類＞　うし　［和牛肉］　もも　皮下脂肪なし　焼き
11251	11	＜畜肉類＞　うし　［和牛肉］　もも　皮下脂肪なし　ゆで
11252	11	＜畜肉類＞　うし　［乳用肥育牛肉］　ばら　脂身つき　焼き
11253	11	＜畜肉類＞　うし　［乳用肥育牛肉］　ヒレ　赤肉　焼き
11254	11	＜畜肉類＞　うし　［交雑牛肉］　リブロース　脂身つき　生
11255	11	＜畜肉類＞　うし　［交雑牛肉］　リブロース　脂身つき　焼き
11256	11	＜畜肉類＞　うし　［交雑牛肉］　リブロース　脂身つき　ゆで
11257	11	＜畜肉類＞　うし　［交雑牛肉］　リブロース　皮下脂肪なし　生
11258	11	＜畜肉類＞　うし　［交雑牛肉］　リブロース　赤肉　生
11259	11	＜畜肉類＞　うし　［交雑牛肉］　リブロース　脂身　生
11260	11	＜畜肉類＞　うし　［交雑牛肉］　ばら　脂身つき　生
11261	11	＜畜肉類＞　うし　［交雑牛肉］　もも　脂身つき　生
11262	11	＜畜肉類＞　うし　［交雑牛肉］　もも　皮下脂肪なし　生
11263	11	＜畜肉類＞　うし　［交雑牛肉］　もも　皮下脂肪なし　焼き
11264	11	＜畜肉類＞　うし　［交雑牛肉］　もも　皮下脂肪なし　ゆで
11265	11	＜畜肉類＞　うし　［交雑牛肉］　もも　赤肉　生
11266	11	＜畜肉類＞　うし　［交雑牛肉］　もも　脂身　生
11267	11	＜畜肉類＞　うし　［交雑牛肉］　ヒレ　赤肉　生
11268	11	＜畜肉類＞　うし　［輸入牛肉］　リブロース　脂身つき　焼き
11269	11	＜畜肉類＞　うし　［輸入牛肉］　リブロース　脂身つき　ゆで
11270	11	＜畜肉類＞　うし　［輸入牛肉］　もも　皮下脂肪なし　焼き
11271	11	＜畜肉類＞　うし　［輸入牛肉］　もも　皮下脂肪なし　ゆで
11272	11	＜畜肉類＞　うし　［ひき肉］　焼き
11273	11	＜畜肉類＞　うし　［副生物］　舌　焼き
11274	11	＜畜肉類＞　うし　［副生物］　横隔膜　生
11275	11	＜畜肉類＞　しか　にほんじか　赤肉　生
11276	11	＜畜肉類＞　ぶた　［大型種肉］　ロース　脂身つき　とんかつ
11277	11	＜畜肉類＞　ぶた　［大型種肉］　ばら　脂身つき　焼き
11278	11	＜畜肉類＞　ぶた　［大型種肉］　ヒレ　赤肉　焼き
11279	11	＜畜肉類＞　ぶた　［大型種肉］　ヒレ　赤肉　とんかつ
11280	11	＜畜肉類＞　ぶた　［ひき肉］　焼き
11281	11	＜畜肉類＞　めんよう　［マトン］　ロース　脂身つき　焼き
11282	11	＜畜肉類＞　めんよう　［ラム］　ロース　脂身つき　焼き
11283	11	＜畜肉類＞　めんよう　［ラム］　もも　脂身つき　焼き
11284	11	＜鳥肉類＞　かも　あひる　皮　生
11285	11	＜鳥肉類＞　にわとり　［若どり・主品目］　手羽さき　皮つき　生
11286	11	＜鳥肉類＞　にわとり　［若どり・主品目］　手羽もと　皮つき　生
11287	11	＜鳥肉類＞　にわとり　［若どり・主品目］　むね　皮つき　焼き
11288	11	＜鳥肉類＞　にわとり　［若どり・主品目］　むね　皮なし　焼き
11289	11	＜鳥肉類＞　にわとり　［若どり・主品目］　もも　皮つき　から揚げ
11290	11	＜鳥肉類＞　にわとり　［若どり・主品目］　もも　皮なし　から揚げ
11291	11	＜鳥肉類＞　にわとり　［二次品目］　ひき肉　焼き
11292	11	＜鳥肉類＞　にわとり　［その他］　チキンナゲット
11293	11	＜鳥肉類＞　にわとり　［その他］　つくね
11294	11	＜畜肉類＞　しか　にほんじか　えぞしか　赤肉　生
11295	11	＜畜肉類＞　しか　にほんじか　きゅうしゅうじか　赤肉　生
11296	11	＜畜肉類＞　うし　［副生物］　横隔膜　ゆで
11297	11	＜畜肉類＞　うし　［副生物］　横隔膜　焼き
11298	11	＜鳥肉類＞　にわとり　［若どり・副品目］　ささみ　ソテー
11299	11	＜鳥肉類＞　にわとり　［若どり・副品目］　ささみ　天ぷら
11300	11	＜鳥肉類＞　にわとり　［若どり・副品目］　ささみ　フライ
11301	11	＜畜肉類＞　うし　［乳用肥育牛肉］　かた　赤肉　ゆで
11302	11	＜畜肉類＞　うし　［乳用肥育牛肉］　かた　赤肉　焼き
11303	11	＜畜肉類＞　ぶた　［ハム類］　ロースハム　ゆで
11304	11	＜畜肉類＞　ぶた　［ハム類］　ロースハム　焼き
11305	11	＜畜肉類＞　ぶた　［ハム類］　ロースハム　フライ
11306	11	＜畜肉類＞　ぶた　［ソーセージ類］　ウインナーソーセージ　ゆで
11307	11	＜畜肉類＞　ぶた　［ソーセージ類］　ウインナーソーセージ　焼き
11308	11	＜畜肉類＞　ぶた　［ソーセージ類］　ウインナーソーセージ　フライ
11309	11	＜畜肉類＞　うし　［乳用肥育牛肉］　かた　脂身つき　ゆで
11310	11	＜畜肉類＞　うし　［乳用肥育牛肉］　かた　脂身つき　焼き
11311	11	＜畜肉類＞　しか　にほんじか　ほんしゅうじか　赤肉　生
11312	11	＜畜肉類＞　ぶた　［副生物］　頭部　ジョウルミート　生
11313	11	＜畜肉類＞　ぶた　［副生物］　頭部　ジョウルミート　焼き
11314	11	＜畜肉類＞　ぶた　［ベーコン類］　ばらベーコン　ゆで
11315	11	＜畜肉類＞　ぶた　［ベーコン類］　ばらベーコン　焼き
11316	11	＜畜肉類＞　ぶた　［ベーコン類］　ばらベーコン　油いため
11317	11	＜畜肉類＞　ぶた　［ソーセージ類］　ランチョンミート
12001	12	うこっけい卵　全卵　生
12002	12	うずら卵　全卵　生
12003	12	うずら卵　水煮缶詰
12004	12	鶏卵　全卵　生
12005	12	鶏卵　全卵　ゆで
12006	12	鶏卵　全卵　ポーチドエッグ
12007	12	鶏卵　全卵　水煮缶詰
12008	12	鶏卵　全卵　加糖全卵
12009	12	鶏卵　全卵　乾燥全卵
12010	12	鶏卵　卵黄　生
12011	12	鶏卵　卵黄　ゆで
12012	12	鶏卵　卵黄　加糖卵黄
12013	12	鶏卵　卵黄　乾燥卵黄
12014	12	鶏卵　卵白　生
12015	12	鶏卵　卵白　ゆで
12016	12	鶏卵　卵白　乾燥卵白
12017	12	鶏卵　たまご豆腐
12018	12	鶏卵　たまご焼　厚焼きたまご
12019	12	鶏卵　たまご焼　だし巻きたまご
12020	12	あひる卵　ピータン
12021	12	鶏卵　全卵　目玉焼き
12022	12	鶏卵　全卵　いり
12023	12	鶏卵　全卵　素揚げ
13001	13	＜牛乳及び乳製品＞　（液状乳類）　生乳　ジャージー種
13002	13	＜牛乳及び乳製品＞　（液状乳類）　生乳　ホルスタイン種
13003	13	＜牛乳及び乳製品＞　（液状乳類）　普通牛乳
13004	13	＜牛乳及び乳製品＞　（液状乳類）　加工乳　濃厚
13005	13	＜牛乳及び乳製品＞　（液状乳類）　加工乳　低脂肪
13006	13	＜牛乳及び乳製品＞　（液状乳類）　脱脂乳
13007	13	＜牛乳及び乳製品＞　（液状乳類）　乳飲料　コーヒー
13008	13	＜牛乳及び乳製品＞　（液状乳類）　乳飲料　フルーツ
13009	13	＜牛乳及び乳製品＞　（粉乳類）　全粉乳
13010	13	＜牛乳及び乳製品＞　（粉乳類）　脱脂粉乳
13011	13	＜牛乳及び乳製品＞　（粉乳類）　乳児用調製粉乳
13012	13	＜牛乳及び乳製品＞　（練乳類）　無糖練乳
13013	13	＜牛乳及び乳製品＞　（練乳類）　加糖練乳
13014	13	＜牛乳及び乳製品＞　（クリーム類）　クリーム　乳脂肪
13015	13	＜牛乳及び乳製品＞　（クリーム類）　クリーム　乳脂肪・植物性脂肪
13016	13	＜牛乳及び乳製品＞　（クリーム類）　クリーム　植物性脂肪
13017	13	＜牛乳及び乳製品＞　（クリーム類）　ホイップクリーム　乳脂肪
13018	13	＜牛乳及び乳製品＞　（クリーム類）　ホイップクリーム　乳脂肪・植物性脂肪
13019	13	＜牛乳及び乳製品＞　（クリーム類）　ホイップクリーム　植物性脂肪
13020	13	＜牛乳及び乳製品＞　（クリーム類）　コーヒーホワイトナー　液状　乳脂肪
13021	13	＜牛乳及び乳製品＞　（クリーム類）　コーヒーホワイトナー　液状　乳脂肪・植物性脂肪
13022	13	＜牛乳及び乳製品＞　（クリーム類）　コーヒーホワイトナー　液状　植物性脂肪
13023	13	＜牛乳及び乳製品＞　（クリーム類）　コーヒーホワイトナー　粉末状　乳脂肪
13024	13	＜牛乳及び乳製品＞　（クリーム類）　コーヒーホワイトナー　粉末状　植物性脂肪
13025	13	＜牛乳及び乳製品＞　（発酵乳・乳酸菌飲料）　ヨーグルト　全脂無糖
13026	13	＜牛乳及び乳製品＞　（発酵乳・乳酸菌飲料）　ヨーグルト　脱脂加糖
13027	13	＜牛乳及び乳製品＞　（発酵乳・乳酸菌飲料）　ヨーグルト　ドリンクタイプ　加糖
13028	13	＜牛乳及び乳製品＞　（発酵乳・乳酸菌飲料）　乳酸菌飲料　乳製品
13029	13	＜牛乳及び乳製品＞　（発酵乳・乳酸菌飲料）　乳酸菌飲料　殺菌乳製品
13030	13	＜牛乳及び乳製品＞　（発酵乳・乳酸菌飲料）　乳酸菌飲料　非乳製品
13031	13	＜牛乳及び乳製品＞　（チーズ類）　ナチュラルチーズ　エダム
13032	13	＜牛乳及び乳製品＞　（チーズ類）　ナチュラルチーズ　エメンタール
13033	13	＜牛乳及び乳製品＞　（チーズ類）　ナチュラルチーズ　カテージ
13034	13	＜牛乳及び乳製品＞　（チーズ類）　ナチュラルチーズ　カマンベール
13035	13	＜牛乳及び乳製品＞　（チーズ類）　ナチュラルチーズ　クリーム
13036	13	＜牛乳及び乳製品＞　（チーズ類）　ナチュラルチーズ　ゴーダ
13037	13	＜牛乳及び乳製品＞　（チーズ類）　ナチュラルチーズ　チェダー
13038	13	＜牛乳及び乳製品＞　（チーズ類）　ナチュラルチーズ　パルメザン
13039	13	＜牛乳及び乳製品＞　（チーズ類）　ナチュラルチーズ　ブルー
13040	13	＜牛乳及び乳製品＞　（チーズ類）　プロセスチーズ
13041	13	＜牛乳及び乳製品＞　（チーズ類）　チーズスプレッド
13042	13	＜牛乳及び乳製品＞　（アイスクリーム類）　アイスクリーム　高脂肪
13043	13	＜牛乳及び乳製品＞　（アイスクリーム類）　アイスクリーム　普通脂肪
13044	13	＜牛乳及び乳製品＞　（アイスクリーム類）　アイスミルク
13045	13	＜牛乳及び乳製品＞　（アイスクリーム類）　ラクトアイス　普通脂肪
13046	13	＜牛乳及び乳製品＞　（アイスクリーム類）　ラクトアイス　低脂肪
13047	13	＜牛乳及び乳製品＞　（アイスクリーム類）　ソフトクリーム
13048	13	＜牛乳及び乳製品＞　（その他）　カゼイン
13049	13	＜牛乳及び乳製品＞　（その他）　シャーベット
13050	13	＜牛乳及び乳製品＞　（その他）　チーズホエーパウダー
13051	13	＜その他＞　人乳
13052	13	＜その他＞　やぎ乳
13053	13	＜牛乳及び乳製品＞　（発酵乳・乳酸菌飲料）　ヨーグルト　低脂肪無糖
13054	13	＜牛乳及び乳製品＞　（発酵乳・乳酸菌飲料）　ヨーグルト　無脂肪無糖
13055	13	＜牛乳及び乳製品＞　（チーズ類）　ナチュラルチーズ　マスカルポーネ
13056	13	＜牛乳及び乳製品＞　（チーズ類）　ナチュラルチーズ　モッツァレラ
13057	13	＜牛乳及び乳製品＞　（チーズ類）　ナチュラルチーズ　やぎ
13058	13	＜牛乳及び乳製品＞　（チーズ類）　ナチュラルチーズ　リコッタ
13059	13	＜牛乳及び乳製品＞　（液状乳類）　乳児用液体ミルク
14001	14	（植物油脂類）　オリーブ油
14002	14	（植物油脂類）　ごま油
14003	14	（植物油脂類）　米ぬか油
14004	14	（植物油脂類）　サフラワー油　ハイオレイック
14005	14	（植物油脂類）　大豆油
14006	14	（植物油脂類）　調合油
14007	14	（植物油脂類）　とうもろこし油
14008	14	（植物油脂類）　なたね油
14009	14	（植物油脂類）　パーム油
14010	14	（植物油脂類）　パーム核油
14011	14	（植物油脂類）　ひまわり油　ハイリノール
14012	14	（植物油脂類）　綿実油
14013	14	（植物油脂類）　やし油
14014	14	（植物油脂類）　落花生油
14015	14	（動物油脂類）　牛脂
14016	14	（動物油脂類）　ラード
14017	14	（バター類）　無発酵バター　有塩バター
14018	14	（バター類）　無発酵バター　食塩不使用バター
14019	14	（バター類）　発酵バター　有塩バター
14020	14	（マーガリン類）　マーガリン　家庭用　有塩
14021	14	（マーガリン類）　ファットスプレッド
14022	14	（その他）　ショートニング　家庭用
14023	14	（植物油脂類）　あまに油
14024	14	（植物油脂類）　えごま油
14025	14	（植物油脂類）　サフラワー油　ハイリノール
14026	14	（植物油脂類）　ひまわり油　ミッドオレイック
14027	14	（植物油脂類）　ひまわり油　ハイオレイック
14028	14	（植物油脂類）　ぶどう油
14029	14	（マーガリン類）　マーガリン　業務用　有塩
14030	14	（その他）　ショートニング　業務用　製菓
14031	14	（その他）　ショートニング　業務用　フライ
14032	14	（動物油脂類）　たらのあぶら
14033	14	（マーガリン類）　マーガリン　家庭用　無塩
14034	14	（マーガリン類）　マーガリン　業務用　無塩
15001	15	＜和生菓子・和半生菓子類＞　甘納豆　あずき
15002	15	＜和生菓子・和半生菓子類＞　甘納豆　いんげんまめ
15003	15	＜和生菓子・和半生菓子類＞　甘納豆　えんどう
15004	15	＜和生菓子・和半生菓子類＞　生八つ橋　あん入り　こしあん・つぶしあん混合
15005	15	＜和生菓子・和半生菓子類＞　今川焼　こしあん入り
15006	15	＜和生菓子・和半生菓子類＞　ういろう　白
15007	15	＜和生菓子・和半生菓子類＞　うぐいすもち　こしあん入り
15008	15	＜和生菓子・和半生菓子類＞　かしわもち　こしあん入り
15009	15	＜和生菓子・和半生菓子類＞　カステラ
15010	15	＜和生菓子・和半生菓子類＞　かのこ
15011	15	＜和生菓子・和半生菓子類＞　かるかん
15012	15	＜和生菓子・和半生菓子類＞　きび団子
15013	15	＜和生菓子・和半生菓子類＞　ぎゅうひ
15014	15	＜和生菓子・和半生菓子類＞　きりざんしょ
15015	15	＜和生菓子・和半生菓子類＞　きんぎょく糖
15016	15	＜和生菓子・和半生菓子類＞　きんつば
15017	15	＜和生菓子・和半生菓子類＞　草もち　こしあん入り
15018	15	＜和生菓子・和半生菓子類＞　くし団子　あん　こしあん入り
15019	15	＜和生菓子・和半生菓子類＞　くし団子　みたらし
15020	15	＜和生菓子・和半生菓子類＞　げっぺい
15021	15	＜和生菓子・和半生菓子類＞　桜もち　関東風　こしあん入り
15022	15	＜和生菓子・和半生菓子類＞　桜もち　関西風　こしあん入り
15023	15	＜和生菓子・和半生菓子類＞　大福もち　こしあん入り
15024	15	＜和生菓子・和半生菓子類＞　タルト　（和菓子）
15025	15	＜和生菓子・和半生菓子類＞　ちまき
15026	15	＜和生菓子・和半生菓子類＞　ちゃつう
15027	15	＜和生菓子・和半生菓子類＞　どら焼　つぶしあん入り
15028	15	＜和生菓子・和半生菓子類＞　ねりきり
15029	15	＜和生菓子・和半生菓子類＞　まんじゅう　カステラまんじゅう　こしあん入り
15030	15	＜和生菓子・和半生菓子類＞　まんじゅう　くずまんじゅう　こしあん入り
15031	15	＜和生菓子・和半生菓子類＞　まんじゅう　くりまんじゅう　こしあん入り
15032	15	＜和生菓子・和半生菓子類＞　まんじゅう　とうまんじゅう　こしあん入り
15033	15	＜和生菓子・和半生菓子類＞　まんじゅう　蒸しまんじゅう　こしあん入り
15034	15	＜和生菓子・和半生菓子類＞　まんじゅう　中華まんじゅう　あんまん　こしあん入り
15035	15	＜和生菓子・和半生菓子類＞　まんじゅう　中華まんじゅう　肉まん
15036	15	＜和生菓子・和半生菓子類＞　もなか　こしあん入り
15037	15	＜和生菓子・和半生菓子類＞　ゆべし
15038	15	＜和生菓子・和半生菓子類＞　ようかん　練りようかん
15039	15	＜和生菓子・和半生菓子類＞　ようかん　水ようかん
15040	15	＜和生菓子・和半生菓子類＞　ようかん　蒸しようかん
15041	15	＜和干菓子類＞　あめ玉
15042	15	＜和干菓子類＞　芋かりんとう
15043	15	＜和干菓子類＞　おこし
15044	15	＜和干菓子類＞　おのろけ豆
15045	15	＜和干菓子類＞　かりんとう　黒
15046	15	＜和干菓子類＞　かりんとう　白
15047	15	＜和干菓子類＞　ごかぼう
15048	15	＜和干菓子類＞　小麦粉せんべい　磯部せんべい
15049	15	＜和干菓子類＞　小麦粉せんべい　かわらせんべい
15050	15	＜和干菓子類＞　小麦粉せんべい　巻きせんべい
15051	15	＜和干菓子類＞　小麦粉せんべい　南部せんべい　ごま入り
15052	15	＜和干菓子類＞　小麦粉せんべい　南部せんべい　落花生入り
15053	15	＜和干菓子類＞　しおがま
15054	15	＜ビスケット類＞　中華風クッキー
15055	15	＜和干菓子類＞　ひなあられ　関東風
15056	15	＜和干菓子類＞　ひなあられ　関西風
15057	15	＜和干菓子類＞　米菓　揚げせんべい
15058	15	＜和干菓子類＞　米菓　甘辛せんべい
15059	15	＜和干菓子類＞　米菓　あられ
15060	15	＜和干菓子類＞　米菓　しょうゆせんべい
15061	15	＜和干菓子類＞　ボーロ　小粒
15062	15	＜和干菓子類＞　ボーロ　そばボーロ
15063	15	＜和干菓子類＞　松風
15064	15	＜和干菓子類＞　みしま豆
15065	15	＜和干菓子類＞　八つ橋
15066	15	＜和干菓子類＞　らくがん　らくがん
15067	15	＜和干菓子類＞　らくがん　麦らくがん
15068	15	＜和干菓子類＞　らくがん　もろこしらくがん
15069	15	＜菓子パン類＞　あんパン　こしあん入り
15070	15	＜菓子パン類＞　クリームパン
15071	15	＜菓子パン類＞　ジャムパン
15072	15	＜菓子パン類＞　チョココロネ
15073	15	＜ケーキ・ペストリー類＞　シュークリーム
15074	15	＜ケーキ・ペストリー類＞　スポンジケーキ
15075	15	＜ケーキ・ペストリー類＞　ショートケーキ　果実なし
15076	15	＜ケーキ・ペストリー類＞　デニッシュペストリー　デンマークタイプ　プレーン　
15077	15	＜ケーキ・ペストリー類＞　ドーナッツ　イーストドーナッツ　プレーン
15078	15	＜ケーキ・ペストリー類＞　ドーナッツ　ケーキドーナッツ　プレーン
15079	15	＜ケーキ・ペストリー類＞　パイ　パイ皮
15080	15	＜ケーキ・ペストリー類＞　パイ　アップルパイ
15081	15	＜ケーキ・ペストリー類＞　パイ　ミートパイ
15082	15	＜ケーキ・ペストリー類＞　バターケーキ
15083	15	＜ケーキ・ペストリー類＞　ホットケーキ
15084	15	＜ケーキ・ペストリー類＞　ワッフル　カスタードクリーム入り
15085	15	＜ケーキ・ペストリー類＞　ワッフル　ジャム入り
15086	15	＜デザート菓子類＞　カスタードプリン
15087	15	＜デザート菓子類＞　ゼリー　オレンジ
15088	15	＜デザート菓子類＞　ゼリー　コーヒー
15089	15	＜デザート菓子類＞　ゼリー　ミルク
15090	15	＜デザート菓子類＞　ゼリー　ワイン
15091	15	＜デザート菓子類＞　ババロア
15092	15	＜ビスケット類＞　ウエハース
15093	15	＜ビスケット類＞　クラッカー　オイルスプレークラッカー
15094	15	＜ビスケット類＞　クラッカー　ソーダクラッカー
15095	15	＜ビスケット類＞　サブレ
15096	15	＜ビスケット類＞　リーフパイ
15097	15	＜ビスケット類＞　ビスケット　ハードビスケット
15098	15	＜ビスケット類＞　ビスケット　ソフトビスケット
15099	15	＜ビスケット類＞　プレッツェル
15100	15	＜ビスケット類＞　ロシアケーキ
15101	15	＜スナック類＞　小麦粉あられ
15102	15	＜スナック類＞　コーンスナック
15103	15	＜スナック類＞　ポテトチップス　ポテトチップス
15104	15	＜スナック類＞　ポテトチップス　成形ポテトチップス
15105	15	＜キャンデー類＞　キャラメル
15106	15	＜キャンデー類＞　ラムネ
15107	15	＜キャンデー類＞　ゼリーキャンデー
15108	15	＜キャンデー類＞　ゼリービーンズ
15109	15	＜キャンデー類＞　かわり玉
15110	15	＜キャンデー類＞　ドロップ
15111	15	＜キャンデー類＞　バタースコッチ
15112	15	＜キャンデー類＞　ブリットル
15113	15	＜キャンデー類＞　マシュマロ
15114	15	＜チョコレート類＞　カバーリングチョコレート
15115	15	＜チョコレート類＞　ホワイトチョコレート
15116	15	＜チョコレート類＞　ミルクチョコレート
15117	15	＜果実菓子類＞　マロングラッセ
15118	15	＜チューインガム類＞　板ガム
15119	15	＜チューインガム類＞　糖衣ガム
15120	15	＜チューインガム類＞　風船ガム
15121	15	＜和生菓子・和半生菓子類＞　くずもち　関西風　くずでん粉製品
15122	15	＜和生菓子・和半生菓子類＞　くずもち　関東風　小麦でん粉製品
15123	15	＜和生菓子・和半生菓子類＞　五平もち
15124	15	＜和生菓子・和半生菓子類＞　笹だんご　こしあん入り
15125	15	＜菓子パン類＞　揚げパン
15126	15	＜菓子パン類＞　あんパン　薄皮タイプ　こしあん入り
15127	15	＜菓子パン類＞　カレーパン　皮及び具
15128	15	＜菓子パン類＞　カレーパン　皮のみ
15129	15	＜菓子パン類＞　カレーパン　具のみ
15130	15	＜菓子パン類＞　クリームパン　薄皮タイプ
15131	15	＜菓子パン類＞　チョコパン　薄皮タイプ
15132	15	＜菓子パン類＞　メロンパン
15133	15	＜ケーキ・ペストリー類＞　タルト　（洋菓子）
15134	15	＜ケーキ・ペストリー類＞　チーズケーキ　ベイクドチーズケーキ
15135	15	＜ケーキ・ペストリー類＞　チーズケーキ　レアチーズケーキ
15136	15	＜デザート菓子類＞　牛乳寒天
15137	15	＜チョコレート類＞　アーモンドチョコレート
15138	15	＜その他＞　カスタードクリーム
15139	15	＜その他＞　しるこ　こしあん
15140	15	＜その他＞　しるこ　つぶしあん
15141	15	＜ビスケット類＞　ウエハース　クリーム入り
15142	15	＜デザート菓子類＞　こんにゃくゼリー
15143	15	＜和生菓子・和半生菓子類＞　ずんだあん
15144	15	＜和生菓子・和半生菓子類＞　ずんだもち
15145	15	＜和生菓子・和半生菓子類＞　今川焼　つぶしあん入り
15146	15	＜和生菓子・和半生菓子類＞　今川焼　カスタードクリーム入り
15147	15	＜和生菓子・和半生菓子類＞　ういろう　黒
15148	15	＜和生菓子・和半生菓子類＞　うぐいすもち　つぶしあん入り
15149	15	＜和生菓子・和半生菓子類＞　かしわもち　つぶしあん入り
15150	15	＜和生菓子・和半生菓子類＞　草もち　つぶしあん入り
15151	15	＜和生菓子・和半生菓子類＞　くし団子　あん　つぶしあん入り
15152	15	＜和生菓子・和半生菓子類＞　桜もち　関東風　つぶしあん入り
15153	15	＜和生菓子・和半生菓子類＞　桜もち　関西風　つぶしあん入り
15154	15	＜和生菓子・和半生菓子類＞　笹だんご　つぶしあん入り
15155	15	＜和生菓子・和半生菓子類＞　大福もち　つぶしあん入り
15156	15	＜和生菓子・和半生菓子類＞　どら焼　こしあん入り
15157	15	＜和生菓子・和半生菓子類＞　生八つ橋　あん入り　こしあん入り
15158	15	＜和生菓子・和半生菓子類＞　生八つ橋　あん入り　つぶしあん入り
15159	15	＜和生菓子・和半生菓子類＞　まんじゅう　カステラまんじゅう　つぶしあん入り
15160	15	＜和生菓子・和半生菓子類＞　まんじゅう　かるかんまんじゅう　こしあん入り
15161	15	＜和生菓子・和半生菓子類＞　まんじゅう　かるかんまんじゅう　つぶしあん入り
15162	15	＜和生菓子・和半生菓子類＞　まんじゅう　くずまんじゅう　つぶしあん入り
15163	15	＜和生菓子・和半生菓子類＞　まんじゅう　くりまんじゅう　つぶしあん入り
15164	15	＜和生菓子・和半生菓子類＞　まんじゅう　とうまんじゅう　つぶしあん入り
15165	15	＜和生菓子・和半生菓子類＞　まんじゅう　蒸しまんじゅう　つぶしあん入り
15166	15	＜和生菓子・和半生菓子類＞　まんじゅう　中華まんじゅう　あんまん　つぶしあん入り
15167	15	＜和生菓子・和半生菓子類＞　もなか　つぶしあん入り
15168	15	＜菓子パン類＞　あんパン　つぶしあん入り
15169	15	＜菓子パン類＞　あんパン　薄皮タイプ　つぶしあん入り
15170	15	＜ケーキ・ペストリー類＞　ショートケーキ　いちご
15171	15	＜ケーキ・ペストリー類＞　デニッシュペストリー　デンマークタイプ　あん入り　こしあん
15172	15	＜ケーキ・ペストリー類＞　デニッシュペストリー　デンマークタイプ　あん入り　つぶしあん
15173	15	＜ケーキ・ペストリー類＞　デニッシュペストリー　デンマークタイプ　あん入り　カスタードクリーム
15174	15	＜ケーキ・ペストリー類＞　ドーナッツ　イーストドーナッツ　あん入り　こしあん
15175	15	＜ケーキ・ペストリー類＞　ドーナッツ　イーストドーナッツ　あん入り　つぶしあん
15176	15	＜ケーキ・ペストリー類＞　ドーナッツ　イーストドーナッツ　あん入り　カスタードクリーム
15177	15	＜ケーキ・ペストリー類＞　ドーナッツ　ケーキドーナッツ　あん入り　こしあん
15178	15	＜ケーキ・ペストリー類＞　ドーナッツ　ケーキドーナッツ　あん入り　つぶしあん
15179	15	＜ケーキ・ペストリー類＞　ドーナッツ　ケーキドーナッツ　あん入り　カスタードクリーム
15180	15	＜その他＞　チョコレートクリーム
15181	15	＜菓子パン類＞　菓子パン　あんなし
15182	15	＜ケーキ・ペストリー類＞　デニッシュペストリー　アメリカンタイプ　プレーン
15183	15	＜ケーキ・ペストリー類＞　デニッシュペストリー　アメリカンタイプ　あん入り　こしあん
15184	15	＜ケーキ・ペストリー類＞　デニッシュペストリー　アメリカンタイプ　あん入り　つぶしあん
15185	15	＜ケーキ・ペストリー類＞　デニッシュペストリー　アメリカンタイプ　あん入り　カスタードクリーム
15186	15	＜チョコレート類＞　スイートチョコレート
15187	15	＜チョコレート類＞　スイートチョコレート　カカオ増量
16001	16	＜アルコール飲料類＞　（醸造酒類）　清酒　普通酒
16002	16	＜アルコール飲料類＞　（醸造酒類）　清酒　純米酒
16003	16	＜アルコール飲料類＞　（醸造酒類）　清酒　本醸造酒
16004	16	＜アルコール飲料類＞　（醸造酒類）　清酒　吟醸酒
16005	16	＜アルコール飲料類＞　（醸造酒類）　清酒　純米吟醸酒
16006	16	＜アルコール飲料類＞　（醸造酒類）　ビール　淡色
16007	16	＜アルコール飲料類＞　（醸造酒類）　ビール　黒
16008	16	＜アルコール飲料類＞　（醸造酒類）　ビール　スタウト
16009	16	＜アルコール飲料類＞　（醸造酒類）　発泡酒
16010	16	＜アルコール飲料類＞　（醸造酒類）　ぶどう酒　白
16011	16	＜アルコール飲料類＞　（醸造酒類）　ぶどう酒　赤
16012	16	＜アルコール飲料類＞　（醸造酒類）　ぶどう酒　ロゼ
16013	16	＜アルコール飲料類＞　（醸造酒類）　紹興酒
16014	16	＜アルコール飲料類＞　（蒸留酒類）　しょうちゅう　連続式蒸留しょうちゅう
16015	16	＜アルコール飲料類＞　（蒸留酒類）　しょうちゅう　単式蒸留しょうちゅう
16016	16	＜アルコール飲料類＞　（蒸留酒類）　ウイスキー
16017	16	＜アルコール飲料類＞　（蒸留酒類）　ブランデー
16018	16	＜アルコール飲料類＞　（蒸留酒類）　ウオッカ
16019	16	＜アルコール飲料類＞　（蒸留酒類）　ジン
16020	16	＜アルコール飲料類＞　（蒸留酒類）　ラム
16021	16	＜アルコール飲料類＞　（蒸留酒類）　マオタイ酒
16022	16	＜アルコール飲料類＞　（混成酒類）　梅酒
16023	16	＜アルコール飲料類＞　（混成酒類）　合成清酒
16024	16	＜アルコール飲料類＞　（混成酒類）　白酒
16025	16	＜アルコール飲料類＞　（混成酒類）　みりん　本みりん
16026	16	＜アルコール飲料類＞　（混成酒類）　みりん　本直し
16027	16	＜アルコール飲料類＞　（混成酒類）　薬味酒
16028	16	＜アルコール飲料類＞　（混成酒類）　キュラソー
16029	16	＜アルコール飲料類＞　（混成酒類）　スイートワイン
16030	16	＜アルコール飲料類＞　（混成酒類）　ペパーミント
16031	16	＜アルコール飲料類＞　（混成酒類）　ベルモット　甘口タイプ
16032	16	＜アルコール飲料類＞　（混成酒類）　ベルモット　辛口タイプ
16033	16	＜茶類＞　（緑茶類）　玉露　茶
16034	16	＜茶類＞　（緑茶類）　玉露　浸出液
16035	16	＜茶類＞　（緑茶類）　抹茶　茶
16036	16	＜茶類＞　（緑茶類）　せん茶　茶
16037	16	＜茶類＞　（緑茶類）　せん茶　浸出液
16038	16	＜茶類＞　（緑茶類）　かまいり茶　浸出液
16039	16	＜茶類＞　（緑茶類）　番茶　浸出液
16040	16	＜茶類＞　（緑茶類）　ほうじ茶　浸出液
16041	16	＜茶類＞　（緑茶類）　玄米茶　浸出液
16042	16	＜茶類＞　（発酵茶類）　ウーロン茶　浸出液
16043	16	＜茶類＞　（発酵茶類）　紅茶　茶
16044	16	＜茶類＞　（発酵茶類）　紅茶　浸出液
16045	16	＜コーヒー・ココア類＞　コーヒー　浸出液
16046	16	＜コーヒー・ココア類＞　コーヒー　インスタントコーヒー
16047	16	＜コーヒー・ココア類＞　コーヒー　コーヒー飲料　乳成分入り　加糖
16048	16	＜コーヒー・ココア類＞　ココア　ピュアココア
16049	16	＜コーヒー・ココア類＞　ココア　ミルクココア
16050	16	＜その他＞　甘酒
16051	16	＜その他＞　昆布茶
16052	16	＜その他＞　（炭酸飲料類）　果実色飲料
16053	16	＜その他＞　（炭酸飲料類）　コーラ
16054	16	＜その他＞　（炭酸飲料類）　サイダー
16055	16	＜その他＞　麦茶　浸出液
16056	16	＜その他＞　青汁　ケール
16057	16	＜その他＞　スポーツドリンク
16058	16	＜その他＞　（炭酸飲料類）　ビール風味炭酸飲料
16059	16	＜アルコール飲料類＞　（混成酒類）　缶チューハイ　レモン風味
16060	16	＜アルコール飲料類＞　（蒸留酒類）　しょうちゅう　泡盛
16061	16	＜その他＞　なぎなたこうじゅ　浸出液
16062	16	＜茶類＞　（緑茶類）　番茶　茶
16063	16	＜茶類＞　（緑茶類）　ほうじ茶　茶
16064	16	＜コーヒー・ココア類＞　コーヒー　缶コーヒー　無糖
17001	17	＜調味料類＞　（ウスターソース類）　ウスターソース
17002	17	＜調味料類＞　（ウスターソース類）　中濃ソース
17003	17	＜調味料類＞　（ウスターソース類）　濃厚ソース
17004	17	＜調味料類＞　（辛味調味料類）　トウバンジャン
17005	17	＜調味料類＞　（辛味調味料類）　チリペッパーソース
17006	17	＜調味料類＞　（辛味調味料類）　ラー油
17007	17	＜調味料類＞　（しょうゆ類）　こいくちしょうゆ
17008	17	＜調味料類＞　（しょうゆ類）　うすくちしょうゆ
17009	17	＜調味料類＞　（しょうゆ類）　たまりしょうゆ
17010	17	＜調味料類＞　（しょうゆ類）　さいしこみしょうゆ
17011	17	＜調味料類＞　（しょうゆ類）　しろしょうゆ
17012	17	＜調味料類＞　（食塩類）　食塩
17013	17	＜調味料類＞　（食塩類）　並塩
17014	17	＜調味料類＞　（食塩類）　精製塩　家庭用
17015	17	＜調味料類＞　（食酢類）　穀物酢
17016	17	＜調味料類＞　（食酢類）　米酢
17017	17	＜調味料類＞　（食酢類）　果実酢　ぶどう酢
17018	17	＜調味料類＞　（食酢類）　果実酢　りんご酢
17019	17	＜調味料類＞　（だし類）　かつおだし　荒節
17020	17	＜調味料類＞　（だし類）　昆布だし　水出し
17021	17	＜調味料類＞　（だし類）　かつお・昆布だし　荒節・昆布だし
17022	17	＜調味料類＞　（だし類）　しいたけだし
17023	17	＜調味料類＞　（だし類）　煮干しだし
17024	17	＜調味料類＞　（だし類）　鶏がらだし
17025	17	＜調味料類＞　（だし類）　中華だし
17026	17	＜調味料類＞　（だし類）　洋風だし
17027	17	＜調味料類＞　（だし類）　固形ブイヨン
17028	17	＜調味料類＞　（だし類）　顆粒和風だし
17029	17	＜調味料類＞　（だし類）　めんつゆ　ストレート
17030	17	＜調味料類＞　（だし類）　めんつゆ　三倍濃縮
17031	17	＜調味料類＞　（調味ソース類）　オイスターソース
17032	17	＜調味料類＞　（調味ソース類）　マーボー豆腐の素
17033	17	＜調味料類＞　（調味ソース類）　ミートソース
17034	17	＜調味料類＞　（トマト加工品類）　トマトピューレー
17035	17	＜調味料類＞　（トマト加工品類）　トマトペースト
17036	17	＜調味料類＞　（トマト加工品類）　トマトケチャップ
17037	17	＜調味料類＞　（トマト加工品類）　トマトソース
17038	17	＜調味料類＞　（トマト加工品類）　チリソース
17039	17	＜調味料類＞　（ドレッシング類）　分離液状ドレッシング　和風ドレッシングタイプ調味料　ノンオイルタイプ
17040	17	＜調味料類＞　（ドレッシング類）　分離液状ドレッシング　フレンチドレッシング　分離液状
17041	17	＜調味料類＞　（ドレッシング類）　乳化液状ドレッシング　サウザンアイランドドレッシング
17042	17	＜調味料類＞　（ドレッシング類）　半固体状ドレッシング　マヨネーズ　全卵型
17043	17	＜調味料類＞　（ドレッシング類）　半固体状ドレッシング　マヨネーズ　卵黄型
17044	17	＜調味料類＞　（みそ類）　米みそ　甘みそ
17045	17	＜調味料類＞　（みそ類）　米みそ　淡色辛みそ
17046	17	＜調味料類＞　（みそ類）　米みそ　赤色辛みそ
17047	17	＜調味料類＞　（みそ類）　麦みそ
17048	17	＜調味料類＞　（みそ類）　豆みそ
17049	17	＜調味料類＞　（みそ類）　即席みそ　粉末タイプ
17050	17	＜調味料類＞　（みそ類）　即席みそ　ペーストタイプ
17051	17	＜調味料類＞　（ルウ類）　カレールウ
17052	17	＜調味料類＞　（ルウ類）　ハヤシルウ
17053	17	＜調味料類＞　（その他）　酒かす
17054	17	＜調味料類＞　（その他）　みりん風調味料
17055	17	＜香辛料類＞　オールスパイス　粉
17056	17	＜香辛料類＞　オニオンパウダー
17057	17	＜香辛料類＞　からし　粉
17058	17	＜香辛料類＞　からし　練り
17059	17	＜香辛料類＞　からし　練りマスタード
17060	17	＜香辛料類＞　からし　粒入りマスタード
17061	17	＜香辛料類＞　カレー粉
17062	17	＜香辛料類＞　クローブ　粉
17063	17	＜香辛料類＞　こしょう　黒　粉
17064	17	＜香辛料類＞　こしょう　白　粉
17065	17	＜香辛料類＞　こしょう　混合　粉
17066	17	＜香辛料類＞　さんしょう　粉
17067	17	＜香辛料類＞　シナモン　粉
17068	17	＜香辛料類＞　しょうが　粉
17069	17	＜香辛料類＞　しょうが　おろし
17070	17	＜香辛料類＞　セージ　粉
17071	17	＜香辛料類＞　タイム　粉
17072	17	＜香辛料類＞　チリパウダー
17073	17	＜香辛料類＞　とうがらし　粉
17074	17	＜香辛料類＞　ナツメグ　粉
17075	17	＜香辛料類＞　にんにく　ガーリックパウダー　食塩無添加
17076	17	＜香辛料類＞　にんにく　おろし
17077	17	＜香辛料類＞　バジル　粉
17078	17	＜香辛料類＞　パセリ　乾
17079	17	＜香辛料類＞　パプリカ　粉
17080	17	＜香辛料類＞　わさび　粉　からし粉入り
17081	17	＜香辛料類＞　わさび　練り
17082	17	＜その他＞　酵母　パン酵母　圧搾
17083	17	＜その他＞　酵母　パン酵母　乾燥
17084	17	＜その他＞　ベーキングパウダー
17085	17	＜調味料類＞　（ウスターソース類）　お好み焼きソース
17086	17	＜調味料類＞　（しょうゆ類）　こいくちしょうゆ　減塩
17087	17	＜調味料類＞　（しょうゆ類）　だししょうゆ
17088	17	＜調味料類＞　（しょうゆ類）　照りしょうゆ
17089	17	＜調味料類＞　（食塩類）　精製塩　業務用
17090	17	＜調味料類＞　（食酢類）　黒酢
17091	17	＜調味料類＞　（食酢類）　果実酢　バルサミコ酢
17092	17	＜調味料類＞　（だし類）　顆粒おでん用
17093	17	＜調味料類＞　（だし類）　顆粒中華だし
17094	17	＜調味料類＞　（調味ソース類）　甘酢
17095	17	＜調味料類＞　（調味ソース類）　エビチリの素
17096	17	＜調味料類＞　（調味ソース類）　黄身酢
17097	17	＜調味料類＞　（調味ソース類）　ごま酢
17098	17	＜調味料類＞　（調味ソース類）　ごまだれ
17099	17	＜調味料類＞　（調味ソース類）　三杯酢
17100	17	＜調味料類＞　（調味ソース類）　二杯酢
17101	17	＜調味料類＞　（調味ソース類）　すし酢　ちらし・稲荷用
17102	17	＜調味料類＞　（調味ソース類）　すし酢　にぎり用
17103	17	＜調味料類＞　（調味ソース類）　すし酢　巻き寿司・箱寿司用
17104	17	＜調味料類＞　（調味ソース類）　中華風合わせ酢
17105	17	＜調味料類＞　（調味ソース類）　デミグラスソース
17106	17	＜調味料類＞　（調味ソース類）　テンメンジャン
17107	17	＜調味料類＞　（調味ソース類）　魚醤油　ナンプラー
17108	17	＜調味料類＞　（調味ソース類）　冷やし中華のたれ
17109	17	＜調味料類＞　（調味ソース類）　ホワイトソース
17110	17	＜調味料類＞　（調味ソース類）　ぽん酢しょうゆ
17111	17	＜調味料類＞　（調味ソース類）　マリネ液
17112	17	＜調味料類＞　（調味ソース類）　焼き鳥のたれ
17113	17	＜調味料類＞　（調味ソース類）　焼き肉のたれ
17114	17	＜調味料類＞　（調味ソース類）　みたらしのたれ
17115	17	＜調味料類＞　（調味ソース類）　ゆずこしょう
17116	17	＜調味料類＞　（ドレッシング類）　分離液状ドレッシング　和風ドレッシング　分離液状
17117	17	＜調味料類＞　（ドレッシング類）　乳化液状ドレッシング　ごまドレッシング
17118	17	＜調味料類＞　（ドレッシング類）　半固体状ドレッシング　マヨネーズタイプ調味料　低カロリータイプ
17119	17	＜調味料類＞　（みそ類）　減塩みそ
17120	17	＜調味料類＞　（みそ類）　米みそ　だし入りみそ
17121	17	＜調味料類＞　（みそ類）　辛子酢みそ
17122	17	＜調味料類＞　（みそ類）　ごまみそ
17123	17	＜調味料類＞　（みそ類）　酢みそ
17124	17	＜調味料類＞　（みそ類）　練りみそ
17125	17	＜調味料類＞　（その他）　お茶漬けの素　さけ
17126	17	＜調味料類＞　（その他）　即席すまし汁
17127	17	＜調味料類＞　（その他）　ふりかけ　たまご
17128	17	＜香辛料類＞　にんにく　ガーリックパウダー　食塩添加
17130	17	＜調味料類＞　（だし類）　あごだし
17131	17	＜調味料類＞　（だし類）　かつおだし　本枯れ節
17132	17	＜調味料類＞　（だし類）　昆布だし　煮出し
17133	17	＜調味料類＞　（調味ソース類）　魚醤油　いかなごしょうゆ
17134	17	＜調味料類＞　（調味ソース類）　魚醤油　いしる　（いしり）
17135	17	＜調味料類＞　（調味ソース類）　魚醤油　しょっつる
17136	17	＜調味料類＞　（その他）　キムチの素
17137	17	＜調味料類＞　（調味ソース類）　ぽん酢しょうゆ　市販品
17138	17	＜調味料類＞　（その他）　料理酒
17139	17	＜調味料類＞　（しょうゆ類）　うすくちしょうゆ　低塩
17140	17	＜調味料類＞　（だし類）　なべつゆ　ストレート　しょうゆ味
17141	17	＜調味料類＞　（だし類）　めんつゆ　二倍濃縮
17142	17	＜調味料類＞　（だし類）　ラーメンスープ　濃縮　しょうゆ味　ストレートしょうゆ味
17143	17	＜調味料類＞　（だし類）　ラーメンスープ　濃縮　みそ味　ストレートみそ味
17144	17	＜調味料類＞　（調味ソース類）　焼きそば粉末ソース
17145	17	＜調味料類＞　（みそ類）　米みそ　だし入りみそ　減塩
17146	17	＜調味料類＞　（食塩類）　減塩タイプ食塩　調味料含む
17147	17	＜調味料類＞　（食塩類）　減塩タイプ食塩　調味料不使用
17148	17	＜調味料類＞　（だし類）　かつお・昆布だし　本枯れ節・昆布だし
17149	17	＜調味料類＞　（ドレッシング類）　乳化液状ドレッシング　フレンチドレッシング　乳化液状
18001	18	洋風料理　カレー類　ビーフカレー
18002	18	中国料理　点心類　ぎょうざ
18003	18	洋風料理　その他　えびグラタン
18004	18	洋風料理　スープ類　コーンクリームスープ　粉末タイプ
18005	18	洋風料理　スープ類　コーンクリームスープ　コーンクリームスープ
18006	18	洋風料理　フライ用冷凍食品　コロッケ　クリームコロッケ　冷凍
18007	18	洋風料理　フライ用冷凍食品　コロッケ　ポテトコロッケ　冷凍
18008	18	洋風料理　フライ用冷凍食品　いかフライ　冷凍
18009	18	洋風料理　フライ用冷凍食品　えびフライ　冷凍
18010	18	洋風料理　フライ用冷凍食品　白身フライ　冷凍
18011	18	洋風料理　シチュー類　ビーフシチュー
18012	18	中国料理　点心類　しゅうまい
18014	18	洋風料理　その他　えびピラフ
18015	18	洋風料理　素揚げ類　ミートボール
18016	18	洋風料理　フライ用冷凍食品　メンチカツ　冷凍
18018	18	洋風料理　コロッケ類　ポテトコロッケ
18019	18	洋風料理　フライ類　いかフライ
18020	18	洋風料理　フライ類　えびフライ
18021	18	洋風料理　フライ類　白身フライ
18022	18	洋風料理　フライ類　メンチカツ
18023	18	和風料理　その他　松前漬け　しょうゆ漬
18024	18	和風料理　和え物類　青菜の白和え
18025	18	和風料理　和え物類　いんげんのごま和え
18026	18	和風料理　和え物類　わかめとねぎの酢みそ和え
18027	18	和風料理　酢の物類　紅白なます
18028	18	和風料理　汁物類　とん汁
18029	18	和風料理　煮物類　卯の花いり
18030	18	和風料理　煮物類　親子丼の具
18031	18	和風料理　煮物類　牛飯の具
18032	18	和風料理　煮物類　切り干し大根の煮物
18033	18	和風料理　煮物類　きんぴらごぼう
18034	18	和風料理　煮物類　ぜんまいのいため煮
18035	18	和風料理　煮物類　筑前煮
18036	18	和風料理　煮物類　肉じゃが
18037	18	和風料理　煮物類　ひじきのいため煮
18038	18	和風料理　その他　アジの南蛮漬け
18039	18	韓国料理　和え物類　もやしのナムル
18040	18	洋風料理　カレー類　チキンカレー
18041	18	洋風料理　カレー類　ポークカレー
18042	18	洋風料理　スープ類　かぼちゃのクリームスープ
18043	18	洋風料理　コロッケ類　カニクリームコロッケ
18044	18	洋風料理　コロッケ類　コーンクリームコロッケ
18045	18	洋風料理　シチュー類　チキンシチュー
18046	18	中国料理　点心類　中華ちまき
18047	18	中国料理　菜類　酢豚
18048	18	中国料理　菜類　八宝菜
18049	18	中国料理　菜類　麻婆豆腐
18050	18	洋風料理　ハンバーグステーキ類　合いびきハンバーグ
18051	18	洋風料理　ハンバーグステーキ類　チキンハンバーグ
18052	18	洋風料理　ハンバーグステーキ類　豆腐ハンバーグ
18053	18	和風料理　その他　お好み焼き
18054	18	和風料理　その他　とりから揚げ
18055	18	洋風料理　フライ類　かきフライ
18056	18	中国料理　点心類　春巻き
18057	18	中国料理　菜類　チャーハン
