イベント名,どの操作か,発生元(origin),属性(props),コード上の発火場所,効く重要指標(意思決定シートのNo),備考
app_install_first_open,アプリを入れて初めて起動した,app,original_purchase_date(端末のApple アカウントで最初に入手した日時。AppTransaction.originalPurchaseDate) / original_app_version / app_transaction_environment,lib/main.dart 起動直後 → 新規 lib/services/analytics/analytics_lifecycle.dart（install_id を初めて作った時）。AppTransaction は ios/Runner/AppDelegate.swift に新しいメソッドチャンネル com.narutoaii.ayg/app_transaction,"1, 8, 10",初回の同意画面で「協力する」を選んだ直後に作り、ログインの後に送る（同意しなければ作らない）。再インストールなら original_purchase_date が過去になる
app_open,アプリを起動した（コールドスタート）,app,launch_source(icon/siri_continue/widget_open/url/unknown) / previous_session_abnormal_end(前回が強制終了らしいか),lib/app.dart の初期化完了時（AppController.initialize 完了後）,"9, 10, 7",
app_foreground,アプリに戻った,app,background_seconds,lib/app.dart didChangeAppLifecycleState(resumed)。既存の _resumePaidFeatures と同じ場所,"9, 10",
app_background,アプリから離れた,app,foreground_seconds / current_screen / current_screen_dwell_ms,lib/app.dart didChangeAppLifecycleState(paused),"9, 12",この時に送信キューの一括送信も試す
session_start,利用のまとまり（セッション）が始まった,app,session_number(このインストールで何回目か) / gap_seconds(前回セッション終了からの秒数),新規 analytics_lifecycle.dart。30 分以上離れて戻ったら新セッション,"9, 10",
session_end,セッションが終わった,app,duration_seconds / screens_viewed / events_count,新規 analytics_lifecycle.dart（paused 時に確定。戻らずに終了しても paused で記録済み）,"9, 10",
app_version_changed,アプリまたは OS の版が変わってから初めて起動した,app,from_app_version / to_app_version / from_os_version / to_os_version,新規 analytics_lifecycle.dart（前回の版を shared_preferences に保存して比較）,7,更新後の不具合と利用の変化を見る
screen_view,画面を表示した（全画面）,app,screen(画面名) / previous_screen / previous_screen_dwell_ms / via(tab/push/modal/sheet/deeplink),新規 lib/services/analytics/analytics_route_observer.dart を MaterialApp.navigatorObservers に登録。全 MaterialPageRoute に RouteSettings(name:) を付ける。タブは lib/screens/shell/main_shell_screen.dart の initState と _selectTab,"12, 42, 55, 69",旧 app_screen_actions の open を置き換える（1 版は二重書き込み）
tab_select,下のタブを押した,app,tab(food/workout/home/weight/settings) / from_tab,lib/screens/shell/main_shell_screen.dart _selectTab,12,旧 app_screen_actions の select を置き換える
analytics_consent_shown,利用状況の記録への同意画面を出した,app,policy_version / surface(first_launch/settings),新規 lib/screens/consent/analytics_consent_screen.dart,全指標の取得率,同意しなかった場合は以後何も送らない。同意の結果自体は analytics_consents 表に入れる
login_tap,ログインボタンを押した,app,provider(apple/google),lib/screens/auth/login_screen.dart の Apple・Google ボタンの押下処理,"17, 18",ログイン前のイベントは端末に保存し、ログイン後に送る
login_result,ログインの結果,app,provider / result(success/cancelled/failed) / error_kind / is_new_account,lib/screens/auth/login_screen.dart と lib/repositories/supabase_authentication_repository.dart,"8, 17, 18",
logout,ログアウトした,app,forced(bool),AppController.logout（lib/state/app_controller.dart 487 行付近）,9,ログアウト前に送信キューを一度送る。未送信分は消さない
onboarding_step_view,初期設定の各段階を表示した,app,step(basic_info/activity_level/goal_setup/health_setup),lib/screens/onboarding/*.dart（screen_view でも取れるが段階番号を明示）,13,
onboarding_step_complete,初期設定の段階を終えた,app,step / duration_ms / skipped(bool),lib/screens/onboarding/*.dart の「次へ」処理,13,入力した身長・体重・年齢の値は入れない（profiles 表を参照）
onboarding_complete,初期設定を最後まで終えた,app,goal_type(lose/maintain/gain) / health_enabled(bool) / duration_ms,AppController.completeOnboarding（lib/state/app_controller.dart 560 行付近）,"13, 15",性別・年代は profiles 表から集計する（重要指標 16）
first_meal_guide_shown,初めての食事記録の案内を出した,app,,AppController.offerFirstMealGuide（lib/state/app_controller.dart 569 行付近）,14,
first_meal_guide_finished,初めての食事記録の案内を閉じた・進めた,app,action(started/skipped),AppController.finishFirstMealGuide（lib/state/app_controller.dart 577 行付近）,14,旧 app_screen_actions の first_meal_guide/open を置き換える
health_permission_result,ヘルスケアの許可画面の結果,app,context(onboarding/settings) / granted(bool),AppController.enableHealthIntegration（lib/state/app_controller.dart 827 行付近）と lib/screens/onboarding/health_setup_screen.dart,40,
health_integration_changed,ヘルスケア連携をオン・オフした,app,enabled(bool) / context,AppController.enableHealthIntegration / disableHealthIntegration（827・848 行付近）,40,
health_sync_result,ヘルスケアからの取り込みの結果,app,trigger(launch/resume/manual) / result(success/failed) / workouts_imported(件数) / weight_samples_imported(件数) / duration_ms,AppController.resyncHealthData（889 行付近）と lib/services/health_workout_sync.dart,"36, 41",件数だけ。体重やカロリーの値は入れない
food_search,食品を検索した（確定した検索語）,app,source(official_food/public_food/saved_food/meal_template) / query(256 文字まで) / query_length / result_count / latency_ms,AppController.recordFoodSearch（lib/state/app_controller.dart 2882 行付近）を置き換え。結果件数は lib/widgets/food/combined_food_search.dart と各検索画面で取得,"21, 22, 23, 28",既存 food_search_queries は 1 版だけ二重書き込みし、その後は書かない（データは残す）。同じ UUID を両方に使う
food_search_result_select,検索結果から食品を選んだ,app,source / position(何番目か) / result_count / query_length / item_kind(official/public/saved/template),lib/widgets/food/combined_food_search.dart と lib/screens/food/meal_food_search_screen.dart の選択処理,"20, 21, 22",「記録につながらなかった語」は food_search の後に select が無いもの
food_entry_added,食事を記録した,app / home_widget / lock_widget / siri,food_entry_ids(記録表の entry_id の配列) / method(manual/official_food/public_food/saved_food/meal_template/barcode/recent_3days/repeat/coach/siri/widget) / meal_group / items_count,"AppController.addFood / addFoodEntriesBatch / registerFoodMealFromDrafts / applyMealTemplate / addMealEntryFromSavedFoodMaster / saveFoodEntryWithOptionalSavedFood / repeatRecentFood（lib/state/app_controller.dart 1197, 2303, 2325, 3341, 3425, 3460, 1114 行付近）","11, 19, 20, 24, 31, 43, 44",カロリー等の値は入れない。food_entries の entry_id で参照。record_origin 列（依頼済み）と同じ値を origin に入れる
food_entry_updated,食事の記録を直した,app,food_entry_id / changed_fields(列名だけ) / source_choice,"AppController.updateFood / saveEditedFoodEntryWithSourceChoice（1258, 1274 行付近）",19,
food_entry_deleted,食事の記録を消した,app,food_entry_id / undo_offered(bool),AppController.deleteFood（1379 行付近）と lib/widgets/common/delete_with_undo.dart,19,
food_entry_restored,消した食事を元に戻した,app,food_entry_id,AppController.restoreFoodEntry（1237 行付近）,19,
food_memo_saved,食事にメモを付けた・消した,app,food_entry_id / has_memo(bool) / memo_length,AppController.updateFoodMemo（1150 行付近）と lib/screens/food/food_memo_dialog.dart,33,メモの本文は入れない（food_entries.memo にある）
recent_foods_open,直近 3 日の食品の一覧を開いた,app,is_plus(bool),lib/screens/food/recent_foods_screen.dart,24,
barcode_scan_open,バーコード読み取り画面を開いた,app,,lib/screens/food/barcode_scanner_screen.dart initState,25,
barcode_scan_result,バーコード読み取りの結果,app,method(camera/manual_number) / result(read/invalid_number/permission_denied/camera_error/switched_to_manual/closed) / duration_ms,lib/screens/food/barcode_scanner_screen.dart の _handleDetect・_submitManual・errorBuilder・「手入力に切り替える」,25,バーコード番号は入れない（商品が分かるため。見つかったかどうかだけ）
barcode_lookup_result,読み取った番号で商品を探した結果,app,result(found/not_found/error) / http_status / latency_ms,lib/services/open_food_facts_service.dart の照会処理,25,
saved_food_created,マイ食品を作った,app,saved_food_id / visibility(private/public) / from(form/copy_public/food_entry),"AppController.createSavedFood / copyPublicFoodToPrivate（1554, 2051 行付近）",26,
saved_food_updated,マイ食品を直した,app,saved_food_id / visibility / changed_fields,"AppController.updateSavedFood / updatePublishedSavedFood（1656, 1663 行付近）",26,
saved_food_deleted,マイ食品を消した,app,saved_food_id,AppController.deleteSavedFood（1858 行付近）,26,
public_food_published,食品を公開した・やめた,app,saved_food_id / action(publish/unpublish),"AppController.publishSavedFood / unpublishSavedFood（1781, 1817 行付近）",27,
public_food_duplicate_warning,公開時に重複・似た食品の警告を出した,app,kind(duplicate/similar) / choice(continue/cancel/use_existing),"AppController.checkPublicDuplicate / findSimilarPublicFoods（1732, 1748 行付近）と lib/widgets/saved_food/public_food_duplicate_dialog.dart・public_food_similar_dialog.dart","27, 29",
public_food_search_quota,公開食品検索の 1 日の残り回数,app,remaining / limit / is_plus,AppController.searchPublicSavedFoods（1995 行付近）,"28, 64",上限に達したら gate_shown(feature=public_food_search_limit) も出す
public_food_rated,公開食品を評価した,app,saved_food_id / rating(good/bad/cleared),"AppController.setPublicFoodGood / setPublicFoodBad / clearPublicFoodRating（2100, 2111, 2122 行付近）",29,
public_food_reported,公開食品を通報した,app,saved_food_id / reason,AppController.submitPublicFoodReport（2204 行付近）,29,通報の自由記述は入れない
food_creator_blocked,公開食品の作者をブロック・解除した,app,action(block/unblock),"AppController.blockFoodCreator / unblockFoodCreator（2255, 2269 行付近）",29,相手の user_id は入れない（blocked_food_creators 表にある）
meal_template_saved,食事テンプレートを作った・直した,app,template_id / action(create/update) / items_count / template_count_after,AppController.saveMealTemplate（2655 行付近）,"30, 31",
meal_template_deleted,食事テンプレートを消した,app,template_id,AppController.deleteMealTemplate（2716 行付近）,30,
meal_template_applied,食事テンプレートで記録した,app / home_widget / lock_widget / siri,template_id / items_count / food_entry_ids,AppController.applyMealTemplate（3341 行付近）,31,
official_food_detail_view,公式食品の詳細を開いた,app,official_food_code,lib/screens/official_food/official_food_detail_screen.dart,20,
exercise_search,運動の種類を検索した,app,source(exercise_catalog/workout_template) / query / query_length / result_count,AppController.recordExerciseSearch（2886 行付近）を置き換え,35,既存 exercise_search_queries は 1 版だけ二重書き込み
exercise_search_result_select,運動の検索結果を選んだ,app,source / position / result_count,lib/screens/exercise/exercise_form_screen.dart の選択処理,35,
exercise_entry_added,運動を記録した,app / home_widget / lock_widget / siri,exercise_entry_ids / method(catalog/custom/workout_template/siri/widget) / items_count,"AppController.addExercise / registerWorkoutEntriesFromDrafts（1400, 2574 行付近）","11, 34, 43, 44",値は入れない。exercise_entries の entry_id で参照
exercise_entry_updated,運動の記録を直した,app,exercise_entry_id / changed_fields,AppController.updateExercise（1439 行付近）,34,
exercise_entry_deleted,運動の記録を消した,app,exercise_entry_id / undo_offered,AppController.deleteExercise（1456 行付近）,34,
exercise_entry_restored,消した運動を元に戻した,app,exercise_entry_id,AppController.restoreExerciseEntry（1418 行付近）,34,
workout_template_saved,運動テンプレートを作った・直した,app,template_id / action / items_count / template_count_after,AppController.saveWorkoutTemplate（2510 行付近）,32,
workout_template_deleted,運動テンプレートを消した,app,template_id,AppController.deleteWorkoutTemplate（2561 行付近）,32,
custom_activity_saved,自分で作った運動を保存した,app,,AppController.saveCustomActivityTemplate（2437 行付近）,34,
weight_entry_added,体重を記録した,app,weight_entry_id / source(manual/health),AppController.recordManualWeight（633 行付近）。ヘルスケア分は health_sync_result の件数,"11, 36",体重の値は入れない
weight_entry_updated,体重の記録を直した・消した・戻した,app,weight_entry_id / action(update/delete/restore),"AppController.updateWeightEntry / deleteWeightEntry / restoreWeightEntry（651, 686, 660 行付近）",36,
alcohol_entry_added,お酒を記録した,app,alcohol_entry_id,AppController.addAlcohol（1480 行付近）,"11, 37",
alcohol_entry_changed,お酒の記録を直した・消した・戻した,app,alcohol_entry_id / action(update/delete/restore),"AppController.updateAlcohol / deleteAlcohol / restoreAlcoholEntry（1515, 1531, 1494 行付近）",37,
goal_updated,目標を変えた,app,source(onboarding/settings/landing_guidance) / target_mode(auto/manual) / changed_fields,"AppController.saveGoalSettings / saveNutritionSettingsSettings（800, 807 行付近）と lib/screens/settings/settings_goal_screen.dart","38, 39",目標体重やカロリーの値は入れない（goals 表を参照）
landing_guidance_shown,ホームに「目標日には届きません」などの案内を出した,app,guidance_kind,lib/screens/home/home_screen.dart の案内表示,39,
landing_guidance_tap,その案内から目標を見直した,app,action,AppController.applyLandingSuggestion（864 行付近）,39,
profile_updated,基本情報・活動量を変えた,app,changed_fields / source(settings/health),"AppController.updateBasicProfile / updateActivityLevel / applyHealthProfileData（767, 815, 602 行付近）","15, 16",値は入れない
settings_changed,その他の設定を変えた,app,setting_key / new_value(選択肢の名前だけ。数値の健康情報は入れない),lib/screens/settings/*.dart の各保存処理,12,
history_day_selected,履歴カレンダーで日を選んだ,app,days_ago,lib/screens/history/history_calendar_screen.dart,42,
legal_document_view,規約・プライバシーポリシー・特定商取引法の表示を開いた,app,document(terms/privacy/commerce_law/data_source/calculation),lib/screens/legal/legal_document_screen.dart と lib/screens/settings/settings_policies_screen.dart,69,画面表示は screen_view でも取れる。文書の種類を明示
contact_tap,運営への連絡（メール）を押した,app,channel(mail),lib/screens/settings/operator_contact_screen.dart,66,実際の問い合わせ件数はメール側で数える
widget_tap,ホーム画面・ロック画面のウィジェットのボタンを押した,home_widget / lock_widget,surface(home/lock) / slot / kind(meal/exercise) / result(registered/unpaid/unassigned/error) / template_id / registration_id,ios/LockScreenMealWidget/LockScreenMealWidget.swift RegisterMealWidgetIntent.perform と ios/LockScreenMeal/LockScreenMealStore.swift register(surface:slot:)。App Group の送信待ちに書き、次回起動時にアプリが送る,"43, 64",押した時刻を occurred_at に入れる（現在は取り込み時刻になっている不具合を直す）。unpaid・unassigned も記録する
widget_registration_imported,ウィジェットの登録をアプリが取り込んだ,app,registration_id / food_entry_ids / exercise_entry_ids / delay_seconds(押してから取り込むまで),AppController._importLockScreenMeals（lib/state/app_controller.dart 3256〜3315 行付近）,43,旧 app_screen_actions の meal_button 記録はここから widget_tap に移す
widget_config_saved,ウィジェットのボタンの割り当てを保存した,app,assigned_meal_slots / assigned_exercise_slots / surface,AppController.saveLockScreenMealConfig（2817 行付近）と lib/screens/settings/lock_screen_meal_screen.dart・widget_exercise_pattern_screen.dart,43,
widget_presence,ウィジェットを置いているか（1 日 1 回）,app,home_widget_count / lock_widget_count,新規メソッドチャンネルで WidgetCenter.getCurrentConfigurations を呼ぶ（ios/Runner/AppDelegate.swift）,43,
siri_request_started,Siri でカロナビの操作が呼ばれた,siri,intent(food/exercise/entry/undo) / has_parameter(bool),ios/Runner/SiriVoiceLog.swift の LogSpokenFoodIntent・LogSpokenExerciseIntent・LogSpokenEntryIntent・取り消しの perform の先頭,"44, 45",終わりの記録が無い始まりは、途中で止まった・時間切れを意味する
siri_prompt,Siri が聞き返した,siri,request_id / prompt_kind(kind/choice/amount/retry/narrow/confirm) / answered(bool),ios/Runner/SiriVoiceLog.swift の requestDisambiguation・requestValue・requestConfirmation の前後,45,聞き返しの回数で分かりにくさを測る
siri_request_finished,Siri の操作が終わった,siri,request_id / status(SiriVoiceStatus の値: registered/undone/unpaid/signedOut/notFound/ambiguous/needsChoice/needsNarrow/needsAmount/rescue/needsKind/unsupportedAmount/missingWeight/declined/silence/cancelled) / stop_reason(no_app_name/unknown_content/unknown_amount/unknown_food/unknown_exercise/missing_weight/empty_template/manual_only_exercise/needs_unit/declined) / prompts_count / duration_ms / items_count / registration_id / continued_in_app(bool),ios/Runner/SiriVoiceLog.swift の stop()・blocked()・rescue()・undoLast()・登録成功の各出口,"44, 45, 64",話した言葉そのものは入れない（食品名の候補番号と状態だけ）。unpaid は有料案内の一種
siri_registration_imported,Siri の登録をアプリが取り込んだ,app,registration_id / food_entry_ids / exercise_entry_ids / undo(bool) / delay_seconds,AppController._importSiriVoiceLogs（lib/state/app_controller.dart 3154〜3176 行付近）,"44, 45",
siri_open_search,Siri からアプリを開いて検索を続けた,app,reason(rescue_failed/continue),lib/screens/shell/main_shell_screen.dart の Siri 検索の開始処理,45,
coach_proposal_shown,今日のコーチの提案を表示した,app,coach_proposal_log_id / proposals_count,lib/screens/coach/daily_coach_screen.dart（提案は既存の coach_proposal_logs 表にも入る）,46,
coach_proposal_registered,コーチの提案を記録した,app,coach_proposal_log_id / food_entry_ids,lib/screens/coach/daily_coach_screen.dart の登録ボタン,46,
share_tap,共有カードを共有した,app,card(meal/streak/weight) / result(completed/cancelled) / activity_type(共有先アプリの種類。iOS が返す場合のみ),lib/widgets/share/share_icon_button.dart と ios/Runner/AppDelegate.swift presentShareCard（完了時の activityType を返すよう変更）,47,旧 app_screen_actions の share_* を置き換える
announcement_read,お知らせを開いて読んだ,app,announcement_id,lib/screens/announcements/announcements_screen.dart と lib/repositories/announcement_read_store.dart の既読処理,48,
review_prompt_shown,レビュー依頼の画面を出した,app,trigger(streak_7days/external),lib/screens/review/store_review_request.dart と lib/screens/shell/main_shell_screen.dart presentStoreReviewRequest,49,
review_prompt_answer,レビュー依頼への答え,app,answer(review/decline/dismiss),lib/screens/review/store_review_request.dart の「断る」「レビューする」,49,Apple の評価画面が実際に出たかは Apple が教えない
paywall_open,カロナビ+の課金画面を開いた,app,entry_point(gate_<機能名>/settings/home/widget_setup/siri_setup/other) / products_loaded(bool) / load_error,lib/screens/subscription/calonavi_plus_flow.dart CalonaviPlusEntryScreen の表示時,"55, 56",依頼済み plus_funnel_events の paywall_open をこちらで置き換える
paywall_close,課金画面を閉じた,app,dwell_ms / last_selected_product_id / purchased(bool),calonavi_plus_flow.dart の閉じるボタンと画面破棄,"55, 56",
plan_select,プランを選んだ,app,product_id,calonavi_plus_flow.dart のプランカード,"53, 56",
purchase_tap,購入ボタンを押した,app,product_id / price_display / currency / entry_point,calonavi_plus_flow.dart の購入ボタン → lib/repositories/storekit_subscription_repository.dart _buy,"56, 57",依頼済み purchase_tap をこちらで置き換える
purchase_result,購入の結果,app,product_id / status(purchased/cancelled/failed/pending/unavailable) / error_code / is_trial(bool) / offer_type,lib/repositories/storekit_subscription_repository.dart _onPurchases（今は purchased・restored しか扱っていない。canceled・error・pending も扱う）,"52, 56, 57, 63",依頼済み purchase_success・purchase_cancel・purchase_failed をこちらで置き換える
restore_tap,「購入を復元」を押した,app,,calonavi_plus_flow.dart の復元ボタン,58,依頼済み restore_tap をこちらで置き換える
restore_result,復元の結果,app,result(restored/none_found/failed/unavailable),storekit_subscription_repository.dart の復元処理,58,
gate_shown,「こちらは有料の機能です」を出した,app,feature(meal_template_limit/workout_template_limit/public_food_search_limit/recent_foods/food_memo/widget/siri/coach/other) / free_count,lib/screens/subscription/plus_gate.dart ensureCalonaviPlus（message を出す前）、lib/screens/meal_template/meal_template_plus_gate.dart、lib/screens/workout_template/workout_template_plus_gate.dart。ensureCalonaviPlus に feature 引数を足す,"30, 32, 64",依頼済み gate_shown をこちらで置き換える
gate_tap,有料案内で押したボタン,app,feature / choice(view_plus/close),上と同じ 3 ファイルの showAppConfirmDialog の戻り値,65,依頼済み gate_tap をこちらで置き換える
entitlement_observed,有料状態を確認した（起動時・戻った時・購入後）,app,status(active/expired/inactive) / product_id / expires_at / original_transaction_id / changed(bool),AppController.refreshPaidEntitlement / _syncPlusEntitlement（2852 行付近）と usage_record_repository.dart syncPlusEntitlements,"50, 53, 59",original_transaction_id で App Store の通知と利用者を結び付ける（appAccountToken が無い過去の購入用）
apple_ads_attribution,Apple の広告から入れたかの結果（インストールごとに 1 回）,app,attribution(bool) / campaign_id / ad_group_id / keyword_id / ad_id / claim_type(Click/Impression) / conversion_type(Download/Redownload/PreOrder) / click_date / country_or_region / supply_placement / org_id,新規メソッドチャンネルで AAAttribution.attributionToken() を取り、Apple の照会先へ送る（ios/Runner/AppDelegate.swift と新規 lib/services/analytics/apple_ads_attribution.dart）,"1, 4",Apple の広告を出していなければ attribution は常に false。同意した人だけ
app_error,アプリ内で想定外のエラーが起きた,app / home_widget / lock_widget / siri,error_type(例外の型名) / where(機能名) / fatal(bool),lib/main.dart の FlutterError.onError と PlatformDispatcher.instance.onError、各 catch で握りつぶしている箇所（usage_record_repository.dart の catch (_) {} など）,7,エラーの本文は個人情報を含み得るので入れない
sync_failure,データの同期に失敗した,app,table / step / error_kind / pending_count,lib/repositories/sync_step_runner.dart と lib/models/sync_failure.dart（依頼済みの表ごとの失敗処理に合わせる）,"11, 19",依頼済みの再送処理と矛盾しないよう、記録するだけ
local_data_cleared,端末内のデータを消した,app,reason(logout/account_deletion/auth_error/other) / pending_records_count,AppController.handleAuthenticatedSession のエラー時 clearAll（依頼済みの不具合修正の対象）と lib/services/local_user_data_clearer.dart,11,依頼済みの「起動時に未送信が消える」修正の確認にも使う
analytics_queue_health,送信待ちの健康状態（1 日 1 回と起動時）,app,pending_count / oldest_pending_age_seconds / quarantined_count / dropped_overflow_count / native_pending_files / native_dropped_overflow_count / last_success_at,新規 lib/services/analytics/analytics_queue.dart,全指標の欠け検知,この数字で「届いていない」が分かる
account_deletion_started,アカウント削除画面を開いた・削除を確定した,app,step(open/confirm/cancel),lib/screens/settings/account_deletion_screen.dart,"67, 68",削除すると本人の記録は消えるので、件数は account_deletion_stats 表（個人と結び付かない集計）で数える
