food_code,food_group,index_no,name,display_name,normalized_name,reading,base_amount,unit_type,refuse_pct,kcal,protein_g,protein_aa_g,fat_g,fat_tag_g,carb_g,carb_avail_g,fiber_g,salt_eq_g,raw_values,estimated_fields,source,edition,errata_version,source_url
01004,01,0004,えんばく　オートミール,えんばく　オートミール,えんばくおとみる,,100,g,0,350,13.7,12.2,5.7,5.1,69.1,61.8,9.4,0,"{""ALC"": ""-"", ""ASH"": ""1.5"", ""BIOT"": ""22.0"", ""CA"": ""47"", ""CARTA"": ""-"", ""CARTB"": ""-"", ""CARTBEQ"": ""(0)"", ""CHOAVL"": ""57.4"", ""CHOAVLDF-"": ""61.8"", ""CHOAVLM"": ""63.1"", ""CHOCDF-"": ""69.1"", ""CHOLE"": ""(0)"", ""CR"": ""0"", ""CRYPXB"": ""-"", ""CU"": ""0.28"", ""ENERC"": ""1479"", ""ENERC_KCAL"": ""350"", ""FAT-"": ""5.7"", ""FATNLEA"": ""(5.1)"", ""FE"": ""3.9"", ""FIB-"": ""9.4"", ""FOL"": ""30"", ""ID"": ""0"", ""K"": ""260"", ""MG"": ""100"", ""MN"": ""-"", ""MO"": ""110"", ""NA"": ""3"", ""NACL_EQ"": ""0"", ""NE"": ""4.5"", ""NIA"": ""1.1"", ""OA"": ""-"", ""P"": ""370"", ""PANTAC"": ""1.29"", ""POLYL"": ""-"", ""PROT-"": ""13.7"", ""PROTCAA"": ""12.2"", ""REFUSE"": ""0"", ""RETOL"": ""(0)"", ""RIBF"": ""0.08"", ""SE"": ""18"", ""THIA"": ""0.20"", ""TOCPHA"": ""0.6"", ""TOCPHB"": ""0.1"", ""TOCPHD"": ""0"", ""TOCPHG"": ""0"", ""VITA_RAE"": ""(0)"", ""VITB12"": ""(0)"", ""VITB6A"": ""0.11"", ""VITC"": ""(0)"", ""VITD"": ""(0)"", ""VITK"": ""(0)"", ""WATER"": ""10.0"", ""ZN"": ""2.1""}","[""FATNLEA"", ""CHOLE"", ""RETOL"", ""CARTBEQ"", ""VITA_RAE"", ""VITD"", ""VITK"", ""VITB12"", ""VITC""]",mext_sfct,八訂増補2023,2026-03-27,https://www.mext.go.jp/a_menu/syokuhinseibun/mext_00001.html
01026,01,0030,こむぎ　［パン類］　角形食パン　食パン,こむぎ　［パン類］　角形食パン　食パン,こむぎ[ぱん類]角形食ぱん食ぱん,,100,g,0,248,8.9,7.4,4.1,3.7,46.4,44.1,4.2,1.2,"{""ALC"": ""-"", ""ASH"": ""1.4"", ""BIOT"": ""2.3"", ""CA"": ""22"", ""CARTA"": ""0"", ""CARTB"": ""4"", ""CARTBEQ"": ""4"", ""CHOAVL"": ""44.2"", ""CHOAVLDF-"": ""44.1"", ""CHOAVLM"": ""48.2"", ""CHOCDF-"": ""46.4"", ""CHOLE"": ""0"", ""CR"": ""1"", ""CRYPXB"": ""0"", ""CU"": ""0.09"", ""ENERC"": ""1050"", ""ENERC_KCAL"": ""248"", ""FAT-"": ""4.1"", ""FATNLEA"": ""3.7"", ""FE"": ""0.5"", ""FIB-"": ""4.2"", ""FOL"": ""30"", ""ID"": ""1"", ""K"": ""86"", ""MG"": ""18"", ""MN"": ""0.25"", ""MO"": ""15"", ""NA"": ""470"", ""NACL_EQ"": ""1.2"", ""NE"": ""2.6"", ""NIA"": ""1.1"", ""OA"": ""-"", ""P"": ""67"", ""PANTAC"": ""0.42"", ""POLYL"": ""0"", ""PROT-"": ""8.9"", ""PROTCAA"": ""7.4"", ""REFUSE"": ""0"", ""RETOL"": ""0"", ""RIBF"": ""0.05"", ""SE"": ""22"", ""THIA"": ""0.07"", ""TOCPHA"": ""0.4"", ""TOCPHB"": ""0.1"", ""TOCPHD"": ""0.1"", ""TOCPHG"": ""0.3"", ""VITA_RAE"": ""Tr"", ""VITB12"": ""Tr"", ""VITB6A"": ""0.03"", ""VITC"": ""0"", ""VITD"": ""0"", ""VITK"": ""0"", ""WATER"": ""39.2"", ""ZN"": ""0.5""}",[],mext_sfct,八訂増補2023,2026-03-27,https://www.mext.go.jp/a_menu/syokuhinseibun/mext_00001.html
01034,01,0043,こむぎ　［パン類］　ロールパン,こむぎ　［パン類］　ロールパン,こむぎ[ぱん類]ろるぱん,,100,g,0,309,10.1,8.5,9,8.5,48.6,48.6,2,1.2,"{""ALC"": ""-"", ""ASH"": ""1.6"", ""BIOT"": ""-"", ""CA"": ""44"", ""CARTA"": ""0"", ""CARTB"": ""15"", ""CARTBEQ"": ""15"", ""CHOAVL"": ""45.7"", ""CHOAVLDF-"": ""48.6"", ""CHOAVLM"": ""49.7"", ""CHOCDF-"": ""48.6"", ""CHOLE"": ""(Tr)"", ""CR"": ""-"", ""CRYPXB"": ""0"", ""CU"": ""0.12"", ""ENERC"": ""1304"", ""ENERC_KCAL"": ""309"", ""FAT-"": ""9.0"", ""FATNLEA"": ""8.5"", ""FE"": ""0.7"", ""FIB-"": ""2.0"", ""FOL"": ""38"", ""ID"": ""-"", ""K"": ""110"", ""MG"": ""22"", ""MN"": ""0.29"", ""MO"": ""-"", ""NA"": ""490"", ""NACL_EQ"": ""1.2"", ""NE"": ""3.1"", ""NIA"": ""1.3"", ""OA"": ""-"", ""P"": ""97"", ""PANTAC"": ""0.61"", ""POLYL"": ""Tr"", ""PROT-"": ""10.1"", ""PROTCAA"": ""8.5"", ""REFUSE"": ""0"", ""RETOL"": ""(0)"", ""RIBF"": ""0.06"", ""SE"": ""-"", ""THIA"": ""0.10"", ""TOCPHA"": ""0.5"", ""TOCPHB"": ""0.1"", ""TOCPHD"": ""0.2"", ""TOCPHG"": ""0.7"", ""VITA_RAE"": ""1"", ""VITB12"": ""(Tr)"", ""VITB6A"": ""0.03"", ""VITC"": ""(0)"", ""VITD"": ""0.1"", ""VITK"": ""(Tr)"", ""WATER"": ""30.7"", ""ZN"": ""0.8""}","[""RETOL"", ""VITC""]",mext_sfct,八訂増補2023,2026-03-27,https://www.mext.go.jp/a_menu/syokuhinseibun/mext_00001.html
01039,01,0051,こむぎ　［うどん・そうめん類］　うどん　ゆで,こむぎ　［うどん・そうめん類］　うどん　ゆで,こむぎ[うどん・そうめん類]うどんゆで,,100,g,0,95,2.6,2.3,0.4,0.3,21.6,20.7,1.3,0.3,"{""ALC"": ""-"", ""ASH"": ""0.4"", ""BIOT"": ""0.3"", ""CA"": ""6"", ""CARTA"": ""0"", ""CARTB"": ""0"", ""CARTBEQ"": ""0"", ""CHOAVL"": ""19.5"", ""CHOAVLDF-"": ""20.7"", ""CHOAVLM"": ""21.4"", ""CHOCDF-"": ""21.6"", ""CHOLE"": ""(0)"", ""CR"": ""1"", ""CRYPXB"": ""0"", ""CU"": ""0.04"", ""ENERC"": ""402"", ""ENERC_KCAL"": ""95"", ""FAT-"": ""0.4"", ""FATNLEA"": ""(0.3)"", ""FE"": ""0.2"", ""FIB-"": ""(1.3)"", ""FOL"": ""2"", ""ID"": ""Tr"", ""K"": ""9"", ""MG"": ""6"", ""MN"": ""0.12"", ""MO"": ""2"", ""NA"": ""120"", ""NACL_EQ"": ""0.3"", ""NE"": ""0.7"", ""NIA"": ""0.2"", ""OA"": ""-"", ""P"": ""18"", ""PANTAC"": ""0.13"", ""POLYL"": ""0"", ""PROT-"": ""2.6"", ""PROTCAA"": ""2.3"", ""REFUSE"": ""0"", ""RETOL"": ""(0)"", ""RIBF"": ""0.01"", ""SE"": ""2"", ""THIA"": ""0.02"", ""TOCPHA"": ""0.1"", ""TOCPHB"": ""0.1"", ""TOCPHD"": ""0"", ""TOCPHG"": ""0"", ""VITA_RAE"": ""(0)"", ""VITB12"": ""(0)"", ""VITB6A"": ""0.01"", ""VITC"": ""(0)"", ""VITD"": ""(0)"", ""VITK"": ""-"", ""WATER"": ""75.0"", ""ZN"": ""0.1""}","[""FATNLEA"", ""CHOLE"", ""FIB-"", ""RETOL"", ""VITA_RAE"", ""VITD"", ""VITB12"", ""VITC""]",mext_sfct,八訂増補2023,2026-03-27,https://www.mext.go.jp/a_menu/syokuhinseibun/mext_00001.html
01048,01,0060,こむぎ　［中華めん類］　中華めん　ゆで,こむぎ　［中華めん類］　中華めん　ゆで,こむぎ[中華めん類]中華めんゆで,,100,g,0,133,4.9,4.8,0.6,0.5,29.2,26.5,2.8,0.2,"{""ALC"": ""-"", ""ASH"": ""0.3"", ""BIOT"": ""0.5"", ""CA"": ""20"", ""CARTA"": ""0"", ""CARTB"": ""0"", ""CARTBEQ"": ""0"", ""CHOAVL"": ""25.2"", ""CHOAVLDF-"": ""26.5"", ""CHOAVLM"": ""27.7"", ""CHOCDF-"": ""29.2"", ""CHOLE"": ""(0)"", ""CR"": ""Tr"", ""CRYPXB"": ""0"", ""CU"": ""0.05"", ""ENERC"": ""564"", ""ENERC_KCAL"": ""133"", ""FAT-"": ""0.6"", ""FATNLEA"": ""(0.5)"", ""FE"": ""0.3"", ""FIB-"": ""(2.8)"", ""FOL"": ""3"", ""ID"": ""0"", ""K"": ""60"", ""MG"": ""7"", ""MN"": ""0.18"", ""MO"": ""5"", ""NA"": ""70"", ""NACL_EQ"": ""0.2"", ""NE"": ""(1.2)"", ""NIA"": ""0.2"", ""OA"": ""-"", ""P"": ""29"", ""PANTAC"": ""0.25"", ""POLYL"": ""Tr"", ""PROT-"": ""4.9"", ""PROTCAA"": ""(4.8)"", ""REFUSE"": ""0"", ""RETOL"": ""(0)"", ""RIBF"": ""0.01"", ""SE"": ""17"", ""THIA"": ""0.01"", ""TOCPHA"": ""0.1"", ""TOCPHB"": ""0.1"", ""TOCPHD"": ""0"", ""TOCPHG"": ""0"", ""VITA_RAE"": ""(0)"", ""VITB12"": ""Tr"", ""VITB6A"": ""0"", ""VITC"": ""(0)"", ""VITD"": ""(0)"", ""VITK"": ""-"", ""WATER"": ""65.0"", ""ZN"": ""0.2""}","[""PROTCAA"", ""FATNLEA"", ""CHOLE"", ""FIB-"", ""RETOL"", ""VITA_RAE"", ""VITD"", ""NE"", ""VITC""]",mext_sfct,八訂増補2023,2026-03-27,https://www.mext.go.jp/a_menu/syokuhinseibun/mext_00001.html
01064,01,0094,こむぎ　［マカロニ・スパゲッティ類］　マカロニ・スパゲッティ　ゆで,こむぎ　［マカロニ・スパゲッティ類］　マカロニ・スパゲッティ　ゆで,こむぎ[まかろに・すぱげってぃ類]まかろに・すぱげってぃゆで,,100,g,0,150,5.8,5.3,0.9,0.7,32.2,29.7,3,1.2,"{""ALC"": ""-"", ""ASH"": ""1.2"", ""BIOT"": ""1.6"", ""CA"": ""8"", ""CARTA"": ""-"", ""CARTB"": ""-"", ""CARTBEQ"": ""(0)"", ""CHOAVL"": ""28.5"", ""CHOAVLDF-"": ""29.7"", ""CHOAVLM"": ""31.3"", ""CHOCDF-"": ""32.2"", ""CHOLE"": ""(0)"", ""CR"": ""1"", ""CRYPXB"": ""-"", ""CU"": ""0.14"", ""ENERC"": ""636"", ""ENERC_KCAL"": ""150"", ""FAT-"": ""0.9"", ""FATNLEA"": ""0.7"", ""FE"": ""0.7"", ""FIB-"": ""3.0"", ""FOL"": ""4"", ""ID"": ""0"", ""K"": ""14"", ""MG"": ""20"", ""MN"": ""0.35"", ""MO"": ""13"", ""NA"": ""460"", ""NACL_EQ"": ""1.2"", ""NE"": ""1.7"", ""NIA"": ""0.6"", ""OA"": ""-"", ""P"": ""53"", ""PANTAC"": ""0.28"", ""POLYL"": ""-"", ""PROT-"": ""5.8"", ""PROTCAA"": ""5.3"", ""REFUSE"": ""0"", ""RETOL"": ""(0)"", ""RIBF"": ""0.03"", ""SE"": ""32"", ""THIA"": ""0.06"", ""TOCPHA"": ""0.1"", ""TOCPHB"": ""0.1"", ""TOCPHD"": ""0"", ""TOCPHG"": ""0"", ""VITA_RAE"": ""(0)"", ""VITB12"": ""(0)"", ""VITB6A"": ""0.02"", ""VITC"": ""(0)"", ""VITD"": ""(0)"", ""VITK"": ""(0)"", ""WATER"": ""60.0"", ""ZN"": ""0.7""}","[""CHOLE"", ""RETOL"", ""CARTBEQ"", ""VITA_RAE"", ""VITD"", ""VITK"", ""VITB12"", ""VITC""]",mext_sfct,八訂増補2023,2026-03-27,https://www.mext.go.jp/a_menu/syokuhinseibun/mext_00001.html
01085,01,0127,こめ　［水稲めし］　玄米,こめ　［水稲めし］　玄米,こめ[水稲めし]玄米,,100,g,0,152,2.8,2.4,1,0.9,35.6,34.7,1.4,0,"{""ALC"": ""-"", ""ASH"": ""0.6"", ""BIOT"": ""2.5"", ""CA"": ""7"", ""CARTA"": ""0"", ""CARTB"": ""0"", ""CARTBEQ"": ""0"", ""CHOAVL"": ""32.0"", ""CHOAVLDF-"": ""34.7"", ""CHOAVLM"": ""35.1"", ""CHOCDF-"": ""35.6"", ""CHOLE"": ""(0)"", ""CR"": ""0"", ""CRYPXB"": ""0"", ""CU"": ""0.12"", ""ENERC"": ""647"", ""ENERC_KCAL"": ""152"", ""FAT-"": ""1.0"", ""FATNLEA"": ""(0.9)"", ""FE"": ""0.6"", ""FIB-"": ""1.4"", ""FOL"": ""10"", ""ID"": ""0"", ""K"": ""95"", ""MG"": ""49"", ""MN"": ""1.04"", ""MO"": ""34"", ""NA"": ""1"", ""NACL_EQ"": ""0"", ""NE"": ""3.6"", ""NIA"": ""2.9"", ""OA"": ""-"", ""P"": ""130"", ""PANTAC"": ""0.65"", ""POLYL"": ""-"", ""PROT-"": ""2.8"", ""PROTCAA"": ""2.4"", ""REFUSE"": ""0"", ""RETOL"": ""(0)"", ""RIBF"": ""0.02"", ""SE"": ""1"", ""THIA"": ""0.16"", ""TOCPHA"": ""0.5"", ""TOCPHB"": ""Tr"", ""TOCPHD"": ""0"", ""TOCPHG"": ""0.1"", ""VITA_RAE"": ""(0)"", ""VITB12"": ""(0)"", ""VITB6A"": ""0.21"", ""VITC"": ""(0)"", ""VITD"": ""(0)"", ""VITK"": ""(0)"", ""WATER"": ""60.0"", ""ZN"": ""0.8""}","[""FATNLEA"", ""CHOLE"", ""RETOL"", ""VITA_RAE"", ""VITD"", ""VITK"", ""VITB12"", ""VITC""]",mext_sfct,八訂増補2023,2026-03-27,https://www.mext.go.jp/a_menu/syokuhinseibun/mext_00001.html
01088,01,0131,こめ　［水稲めし］　精白米　うるち米,こめ　［水稲めし］　精白米　うるち米,こめ[水稲めし]精白米うるち米,,100,g,0,156,2.5,2,0.3,0.2,37.1,36.1,1.5,0,"{""ALC"": ""-"", ""ASH"": ""0.1"", ""BIOT"": ""0.5"", ""CA"": ""3"", ""CARTA"": ""0"", ""CARTB"": ""0"", ""CARTBEQ"": ""0"", ""CHOAVL"": ""34.6"", ""CHOAVLDF-"": ""36.1"", ""CHOAVLM"": ""38.1"", ""CHOCDF-"": ""37.1"", ""CHOLE"": ""(0)"", ""CR"": ""0"", ""CRYPXB"": ""0"", ""CU"": ""0.10"", ""ENERC"": ""663"", ""ENERC_KCAL"": ""156"", ""FAT-"": ""0.3"", ""FATNLEA"": ""0.2"", ""FE"": ""0.1"", ""FIB-"": ""1.5"", ""FOL"": ""3"", ""ID"": ""0"", ""K"": ""29"", ""MG"": ""7"", ""MN"": ""0.35"", ""MO"": ""30"", ""NA"": ""1"", ""NACL_EQ"": ""0"", ""NE"": ""0.8"", ""NIA"": ""0.2"", ""OA"": ""-"", ""P"": ""34"", ""PANTAC"": ""0.25"", ""POLYL"": ""-"", ""PROT-"": ""2.5"", ""PROTCAA"": ""2.0"", ""REFUSE"": ""0"", ""RETOL"": ""(0)"", ""RIBF"": ""0.01"", ""SE"": ""1"", ""THIA"": ""0.02"", ""TOCPHA"": ""Tr"", ""TOCPHB"": ""Tr"", ""TOCPHD"": ""0"", ""TOCPHG"": ""0"", ""VITA_RAE"": ""(0)"", ""VITB12"": ""(0)"", ""VITB6A"": ""0.02"", ""VITC"": ""(0)"", ""VITD"": ""(0)"", ""VITK"": ""(0)"", ""WATER"": ""60.0"", ""ZN"": ""0.6""}","[""CHOLE"", ""RETOL"", ""VITA_RAE"", ""VITD"", ""VITK"", ""VITB12"", ""VITC""]",mext_sfct,八訂増補2023,2026-03-27,https://www.mext.go.jp/a_menu/syokuhinseibun/mext_00001.html
01089,01,0133,こめ　［水稲めし］　はいが精米,こめ　［水稲めし］　はいが精米,こめ[水稲めし]はいが精米,,100,g,0,159,2.7,,0.6,0.6,36.4,35.6,0.8,0,"{""ALC"": ""-"", ""ASH"": ""0.3"", ""BIOT"": ""1.0"", ""CA"": ""5"", ""CARTA"": ""(0)"", ""CARTB"": ""(0)"", ""CARTBEQ"": ""(0)"", ""CHOAVL"": ""34.5"", ""CHOAVLDF-"": ""35.6"", ""CHOAVLM"": ""37.9"", ""CHOCDF-"": ""36.4"", ""CHOLE"": ""(0)"", ""CR"": ""1"", ""CRYPXB"": ""(0)"", ""CU"": ""0.10"", ""ENERC"": ""679"", ""ENERC_KCAL"": ""159"", ""FAT-"": ""0.6"", ""FATNLEA"": ""(0.6)"", ""FE"": ""0.2"", ""FIB-"": ""0.8"", ""FOL"": ""6"", ""ID"": ""0"", ""K"": ""51"", ""MG"": ""24"", ""MN"": ""0.68"", ""MO"": ""28"", ""NA"": ""1"", ""NACL_EQ"": ""0"", ""NE"": ""1.3"", ""NIA"": ""0.8"", ""OA"": ""-"", ""P"": ""68"", ""PANTAC"": ""0.44"", ""POLYL"": ""-"", ""PROT-"": ""2.7"", ""PROTCAA"": ""-"", ""REFUSE"": ""0"", ""RETOL"": ""(0)"", ""RIBF"": ""0.01"", ""SE"": ""1"", ""THIA"": ""0.08"", ""TOCPHA"": ""0.4"", ""TOCPHB"": ""Tr"", ""TOCPHD"": ""0"", ""TOCPHG"": ""Tr"", ""VITA_RAE"": ""(0)"", ""VITB12"": ""(0)"", ""VITB6A"": ""0.09"", ""VITC"": ""(0)"", ""VITD"": ""(0)"", ""VITK"": ""(0)"", ""WATER"": ""60.0"", ""ZN"": ""0.7""}","[""FATNLEA"", ""CHOLE"", ""RETOL"", ""CARTA"", ""CARTB"", ""CRYPXB"", ""CARTBEQ"", ""VITA_RAE"", ""VITD"", ""VITK"", ""VITB12"", ""VITC""]",mext_sfct,八訂増補2023,2026-03-27,https://www.mext.go.jp/a_menu/syokuhinseibun/mext_00001.html
01111,01,0160,こめ　［うるち米製品］　おにぎり,こめ　［うるち米製品］　おにぎり,こめ[うるち米製品]おにぎり,,100,g,0,170,2.7,2.4,0.3,0.3,39.4,39.3,0.4,0.5,"{""ALC"": ""-"", ""ASH"": ""0.6"", ""BIOT"": ""-"", ""CA"": ""3"", ""CARTA"": ""0"", ""CARTB"": ""0"", ""CARTBEQ"": ""0"", ""CHOAVL"": ""36.1"", ""CHOAVLDF-"": ""39.3"", ""CHOAVLM"": ""39.7"", ""CHOCDF-"": ""39.4"", ""CHOLE"": ""(0)"", ""CR"": ""-"", ""CRYPXB"": ""0"", ""CU"": ""0.10"", ""ENERC"": ""723"", ""ENERC_KCAL"": ""170"", ""FAT-"": ""0.3"", ""FATNLEA"": ""(0.3)"", ""FE"": ""0.1"", ""FIB-"": ""0.4"", ""FOL"": ""3"", ""ID"": ""-"", ""K"": ""31"", ""MG"": ""7"", ""MN"": ""0.38"", ""MO"": ""-"", ""NA"": ""200"", ""NACL_EQ"": ""0.5"", ""NE"": ""0.9"", ""NIA"": ""0.2"", ""OA"": ""-"", ""P"": ""37"", ""PANTAC"": ""0.27"", ""POLYL"": ""-"", ""PROT-"": ""2.7"", ""PROTCAA"": ""2.4"", ""REFUSE"": ""0"", ""RETOL"": ""(0)"", ""RIBF"": ""0.01"", ""SE"": ""-"", ""THIA"": ""0.02"", ""TOCPHA"": ""Tr"", ""TOCPHB"": ""Tr"", ""TOCPHD"": ""0"", ""TOCPHG"": ""0"", ""VITA_RAE"": ""(0)"", ""VITB12"": ""(0)"", ""VITB6A"": ""0.02"", ""VITC"": ""0"", ""VITD"": ""(0)"", ""VITK"": ""0"", ""WATER"": ""57.0"", ""ZN"": ""0.6""}","[""FATNLEA"", ""CHOLE"", ""RETOL"", ""VITA_RAE"", ""VITD"", ""VITB12""]",mext_sfct,八訂増補2023,2026-03-27,https://www.mext.go.jp/a_menu/syokuhinseibun/mext_00001.html
01128,01,0185,そば　そば　ゆで,そば　そば　ゆで,そばそばゆで,,100,g,0,130,4.8,3.9,1,0.9,26,24.1,2.9,0,"{""ALC"": ""-"", ""ASH"": ""0.2"", ""BIOT"": ""2.7"", ""CA"": ""9"", ""CARTA"": ""-"", ""CARTB"": ""-"", ""CARTBEQ"": ""(0)"", ""CHOAVL"": ""(24.5)"", ""CHOAVLDF-"": ""24.1"", ""CHOAVLM"": ""(27.0)"", ""CHOCDF-"": ""26.0"", ""CHOLE"": ""(0)"", ""CR"": ""2"", ""CRYPXB"": ""-"", ""CU"": ""0.10"", ""ENERC"": ""552"", ""ENERC_KCAL"": ""130"", ""FAT-"": ""1.0"", ""FATNLEA"": ""(0.9)"", ""FE"": ""0.8"", ""FIB-"": ""(2.9)"", ""FOL"": ""8"", ""ID"": ""Tr"", ""K"": ""34"", ""MG"": ""27"", ""MN"": ""0.38"", ""MO"": ""11"", ""NA"": ""2"", ""NACL_EQ"": ""0"", ""NE"": ""(1.5)"", ""NIA"": ""0.5"", ""OA"": ""-"", ""P"": ""80"", ""PANTAC"": ""0.33"", ""POLYL"": ""-"", ""PROT-"": ""4.8"", ""PROTCAA"": ""(3.9)"", ""REFUSE"": ""0"", ""RETOL"": ""(0)"", ""RIBF"": ""0.02"", ""SE"": ""12"", ""THIA"": ""0.05"", ""TOCPHA"": ""0.1"", ""TOCPHB"": ""Tr"", ""TOCPHD"": ""Tr"", ""TOCPHG"": ""0.8"", ""VITA_RAE"": ""(0)"", ""VITB12"": ""(0)"", ""VITB6A"": ""0.04"", ""VITC"": ""(0)"", ""VITD"": ""(0)"", ""VITK"": ""-"", ""WATER"": ""68.0"", ""ZN"": ""0.4""}","[""PROTCAA"", ""FATNLEA"", ""CHOLE"", ""CHOAVLM"", ""CHOAVL"", ""FIB-"", ""RETOL"", ""CARTBEQ"", ""VITA_RAE"", ""VITD"", ""NE"", ""VITB12"", ""VITC""]",mext_sfct,八訂増補2023,2026-03-27,https://www.mext.go.jp/a_menu/syokuhinseibun/mext_00001.html
01137,01,0199,とうもろこし　コーンフレーク,とうもろこし　コーンフレーク,とうもろこしこんふれく,,100,g,0,380,7.8,6.8,1.7,1.2,83.6,82.7,2.4,2.1,"{""ALC"": ""-"", ""ASH"": ""2.4"", ""BIOT"": ""1.6"", ""CA"": ""1"", ""CARTA"": ""10"", ""CARTB"": ""72"", ""CARTBEQ"": ""120"", ""CHOAVL"": ""(82.2)"", ""CHOAVLDF-"": ""82.7"", ""CHOAVLM"": ""(89.9)"", ""CHOCDF-"": ""83.6"", ""CHOLE"": ""(0)"", ""CR"": ""3"", ""CRYPXB"": ""80"", ""CU"": ""0.07"", ""ENERC"": ""1618"", ""ENERC_KCAL"": ""380"", ""FAT-"": ""1.7"", ""FATNLEA"": ""(1.2)"", ""FE"": ""0.9"", ""FIB-"": ""2.4"", ""FOL"": ""6"", ""ID"": ""Tr"", ""K"": ""95"", ""MG"": ""14"", ""MN"": ""-"", ""MO"": ""15"", ""NA"": ""830"", ""NACL_EQ"": ""2.1"", ""NE"": ""1.0"", ""NIA"": ""0.3"", ""OA"": ""-"", ""P"": ""45"", ""PANTAC"": ""0.22"", ""POLYL"": ""-"", ""PROT-"": ""7.8"", ""PROTCAA"": ""6.8"", ""REFUSE"": ""0"", ""RETOL"": ""(0)"", ""RIBF"": ""0.02"", ""SE"": ""5"", ""THIA"": ""0.03"", ""TOCPHA"": ""0.3"", ""TOCPHB"": ""0.1"", ""TOCPHD"": ""2.0"", ""TOCPHG"": ""3.1"", ""VITA_RAE"": ""10"", ""VITB12"": ""(0)"", ""VITB6A"": ""0.04"", ""VITC"": ""(0)"", ""VITD"": ""(0)"", ""VITK"": ""(0)"", ""WATER"": ""4.5"", ""ZN"": ""0.2""}","[""FATNLEA"", ""CHOLE"", ""CHOAVLM"", ""CHOAVL"", ""RETOL"", ""VITD"", ""VITK"", ""VITB12"", ""VITC""]",mext_sfct,八訂増補2023,2026-03-27,https://www.mext.go.jp/a_menu/syokuhinseibun/mext_00001.html
01154,01,0132,こめ　［水稲めし］　精白米　もち米,こめ　［水稲めし］　精白米　もち米,こめ[水稲めし]精白米もち米,,100,g,0,188,3.5,3.1,0.5,0.4,43.9,43.9,0.4,0,"{""ALC"": ""-"", ""ASH"": ""0.1"", ""BIOT"": ""(0.5)"", ""CA"": ""2"", ""CARTA"": ""(0)"", ""CARTB"": ""(0)"", ""CARTBEQ"": ""(0)"", ""CHOAVL"": ""41.5"", ""CHOAVLDF-"": ""43.9"", ""CHOAVLM"": ""45.6"", ""CHOCDF-"": ""43.9"", ""CHOLE"": ""(0)"", ""CR"": ""0"", ""CRYPXB"": ""(0)"", ""CU"": ""0.11"", ""ENERC"": ""801"", ""ENERC_KCAL"": ""188"", ""FAT-"": ""0.5"", ""FATNLEA"": ""0.4"", ""FE"": ""0.1"", ""FIB-"": ""(0.4)"", ""FOL"": ""(4)"", ""ID"": ""0"", ""K"": ""28"", ""MG"": ""5"", ""MN"": ""0.50"", ""MO"": ""48"", ""NA"": ""0"", ""NACL_EQ"": ""0"", ""NE"": ""1.0"", ""NIA"": ""0.2"", ""OA"": ""-"", ""P"": ""19"", ""PANTAC"": ""(0.30)"", ""POLYL"": ""0"", ""PROT-"": ""3.5"", ""PROTCAA"": ""3.1"", ""REFUSE"": ""0"", ""RETOL"": ""(0)"", ""RIBF"": ""0.01"", ""SE"": ""1"", ""THIA"": ""0.03"", ""TOCPHA"": ""(Tr)"", ""TOCPHB"": ""(0)"", ""TOCPHD"": ""(0)"", ""TOCPHG"": ""(0)"", ""VITA_RAE"": ""(0)"", ""VITB12"": ""(0)"", ""VITB6A"": ""(0.02)"", ""VITC"": ""(0)"", ""VITD"": ""(0)"", ""VITK"": ""(0)"", ""WATER"": ""52.1"", ""ZN"": ""0.8""}","[""CHOLE"", ""FIB-"", ""RETOL"", ""CARTA"", ""CARTB"", ""CRYPXB"", ""CARTBEQ"", ""VITA_RAE"", ""VITD"", ""TOCPHB"", ""TOCPHG"", ""TOCPHD"", ""VITK"", ""VITB6A"", ""VITB12"", ""FOL"", ""PANTAC"", ""BIOT"", ""VITC""]",mext_sfct,八訂増補2023,2026-03-27,https://www.mext.go.jp/a_menu/syokuhinseibun/mext_00001.html
01198,01,0072,こむぎ　［即席めん類］　即席中華めん　油揚げ　調理後全体　（添付調味料等を含むもの）,こむぎ　［即席めん類］　即席中華めん　油揚げ　調理後全体　（添付調味料等を含むもの）,こむぎ[即席めん類]即席中華めん油揚げ調理後全体(添付調味料等を含むもの),,100,g,0,100,2.3,,4.4,4.4,13.4,12.8,0.5,1.1,"{""ALC"": ""-"", ""ASH"": ""(1.3)"", ""BIOT"": ""(0.4)"", ""CA"": ""(28)"", ""CARTA"": ""0"", ""CARTB"": ""(3)"", ""CARTBEQ"": ""(3)"", ""CHOAVL"": ""(12.2)"", ""CHOAVLDF-"": ""(12.8)"", ""CHOAVLM"": ""(13.4)"", ""CHOCDF-"": ""(13.4)"", ""CHOLE"": ""(1)"", ""CR"": ""(2)"", ""CRYPXB"": ""0"", ""CU"": ""(0.03)"", ""ENERC"": ""421"", ""ENERC_KCAL"": ""100"", ""FAT-"": ""(4.4)"", ""FATNLEA"": ""(4.4)"", ""FE"": ""(0.2)"", ""FIB-"": ""(0.5)"", ""FOL"": ""(2)"", ""ID"": ""(Tr)"", ""K"": ""(33)"", ""MG"": ""(6)"", ""MN"": ""(0.12)"", ""MO"": ""(4)"", ""NA"": ""(430)"", ""NACL_EQ"": ""(1.1)"", ""NE"": ""(0.6)"", ""NIA"": ""(0.2)"", ""OA"": ""-"", ""P"": ""(20)"", ""PANTAC"": ""(0.10)"", ""POLYL"": ""(0.1)"", ""PROT-"": ""(2.3)"", ""PROTCAA"": ""-"", ""REFUSE"": ""0"", ""RETOL"": ""0"", ""RIBF"": ""(0.13)"", ""SE"": ""(4)"", ""THIA"": ""(0.02)"", ""TOCPHA"": ""(0.5)"", ""TOCPHB"": ""(Tr)"", ""TOCPHD"": ""(0.6)"", ""TOCPHG"": ""(0.5)"", ""VITA_RAE"": ""0"", ""VITB12"": ""0"", ""VITB6A"": ""(0.01)"", ""VITC"": ""0"", ""VITD"": ""0"", ""VITK"": ""(1)"", ""WATER"": ""(78.5)"", ""ZN"": ""(0.1)""}","[""WATER"", ""PROT-"", ""FATNLEA"", ""CHOLE"", ""FAT-"", ""CHOAVLM"", ""CHOAVL"", ""CHOAVLDF-"", ""FIB-"", ""POLYL"", ""CHOCDF-"", ""ASH"", ""NA"", ""K"", ""CA"", ""MG"", ""P"", ""FE"", ""ZN"", ""CU"", ""MN"", ""SE"", ""CR"", ""MO"", ""CARTB"", ""CARTBEQ"", ""TOCPHA"", ""TOCPHG"", ""TOCPHD"", ""VITK"", ""THIA"", ""RIBF"", ""NIA"", ""NE"", ""VITB6A"", ""FOL"", ""PANTAC"", ""BIOT"", ""NACL_EQ""]",mext_sfct,八訂増補2023,2026-03-27,https://www.mext.go.jp/a_menu/syokuhinseibun/mext_00001.html
02017,02,0240,＜いも類＞　じゃがいも　塊茎　皮なし　生,＜いも類＞　じゃがいも　塊茎　皮なし　生,<いも類>じゃがいも塊茎皮なし生,,100,g,10,59,1.8,1.3,0.1,0,17.3,8.5,8.9,0,"{""ALC"": ""-"", ""ASH"": ""1.0"", ""BIOT"": ""0.4"", ""CA"": ""4"", ""CARTA"": ""Tr"", ""CARTB"": ""2"", ""CARTBEQ"": ""3"", ""CHOAVL"": ""15.5"", ""CHOAVLDF-"": ""8.5"", ""CHOAVLM"": ""17.0"", ""CHOCDF-"": ""17.3"", ""CHOLE"": ""(0)"", ""CR"": ""4"", ""CRYPXB"": ""Tr"", ""CU"": ""0.09"", ""ENERC"": ""245"", ""ENERC_KCAL"": ""59"", ""FAT-"": ""0.1"", ""FATNLEA"": ""Tr"", ""FE"": ""0.4"", ""FIB-"": ""8.9"", ""FOL"": ""20"", ""ID"": ""1"", ""K"": ""410"", ""MG"": ""19"", ""MN"": ""0.37"", ""MO"": ""3"", ""NA"": ""1"", ""NACL_EQ"": ""0"", ""NE"": ""1.8"", ""NIA"": ""1.5"", ""OA"": ""0.5"", ""P"": ""47"", ""PANTAC"": ""0.50"", ""POLYL"": ""0"", ""PROT-"": ""1.8"", ""PROTCAA"": ""1.3"", ""REFUSE"": ""10"", ""RETOL"": ""(0)"", ""RIBF"": ""0.03"", ""SE"": ""0"", ""THIA"": ""0.09"", ""TOCPHA"": ""Tr"", ""TOCPHB"": ""0"", ""TOCPHD"": ""0"", ""TOCPHG"": ""0"", ""VITA_RAE"": ""Tr"", ""VITB12"": ""(0)"", ""VITB6A"": ""0.20"", ""VITC"": ""28"", ""VITD"": ""(0)"", ""VITK"": ""1"", ""WATER"": ""79.8"", ""ZN"": ""0.2""}","[""CHOLE"", ""RETOL"", ""VITD"", ""VITB12""]",mext_sfct,八訂増補2023,2026-03-27,https://www.mext.go.jp/a_menu/syokuhinseibun/mext_00001.html
04032,04,0356,だいず　［豆腐・油揚げ類］　木綿豆腐,だいず　［豆腐・油揚げ類］　木綿豆腐,だいず[豆腐・油揚げ類]木綿豆腐,,100,g,0,73,7,6.7,4.9,4.5,1.5,0.9,1.1,0,"{""ALC"": ""-"", ""ASH"": ""0.7"", ""BIOT"": ""4.1"", ""CA"": ""93"", ""CARTA"": ""0"", ""CARTB"": ""0"", ""CARTBEQ"": ""0"", ""CHOAVL"": ""0.8"", ""CHOAVLDF-"": ""0.9"", ""CHOAVLM"": ""0.8"", ""CHOCDF-"": ""1.5"", ""CHOLE"": ""0"", ""CR"": ""4"", ""CRYPXB"": ""0"", ""CU"": ""0.16"", ""ENERC"": ""304"", ""ENERC_KCAL"": ""73"", ""FAT-"": ""4.9"", ""FATNLEA"": ""4.5"", ""FE"": ""1.5"", ""FIB-"": ""1.1"", ""FOL"": ""12"", ""ID"": ""6"", ""K"": ""110"", ""MG"": ""57"", ""MN"": ""0.41"", ""MO"": ""44"", ""NA"": ""9"", ""NACL_EQ"": ""0"", ""NE"": ""1.9"", ""NIA"": ""0.2"", ""OA"": ""0.2"", ""P"": ""88"", ""PANTAC"": ""0.02"", ""POLYL"": ""-"", ""PROT-"": ""7.0"", ""PROTCAA"": ""6.7"", ""REFUSE"": ""0"", ""RETOL"": ""(0)"", ""RIBF"": ""0.04"", ""SE"": ""4"", ""THIA"": ""0.09"", ""TOCPHA"": ""0.2"", ""TOCPHB"": ""Tr"", ""TOCPHD"": ""1.3"", ""TOCPHG"": ""2.9"", ""VITA_RAE"": ""0"", ""VITB12"": ""(0)"", ""VITB6A"": ""0.05"", ""VITC"": ""0"", ""VITD"": ""(0)"", ""VITK"": ""6"", ""WATER"": ""85.9"", ""ZN"": ""0.6""}","[""RETOL"", ""VITD"", ""VITB12""]",mext_sfct,八訂増補2023,2026-03-27,https://www.mext.go.jp/a_menu/syokuhinseibun/mext_00001.html
04033,04,0359,だいず　［豆腐・油揚げ類］　絹ごし豆腐,だいず　［豆腐・油揚げ類］　絹ごし豆腐,だいず[豆腐・油揚げ類]絹ごし豆腐,,100,g,0,56,5.3,5.3,3.5,3.2,2,1.1,0.9,0,"{""ALC"": ""-"", ""ASH"": ""0.7"", ""BIOT"": ""3.5"", ""CA"": ""75"", ""CARTA"": ""0"", ""CARTB"": ""0"", ""CARTBEQ"": ""0"", ""CHOAVL"": ""0.9"", ""CHOAVLDF-"": ""1.1"", ""CHOAVLM"": ""1.0"", ""CHOCDF-"": ""2.0"", ""CHOLE"": ""(0)"", ""CR"": ""1"", ""CRYPXB"": ""0"", ""CU"": ""0.16"", ""ENERC"": ""235"", ""ENERC_KCAL"": ""56"", ""FAT-"": ""3.5"", ""FATNLEA"": ""(3.2)"", ""FE"": ""1.2"", ""FIB-"": ""0.9"", ""FOL"": ""12"", ""ID"": ""1"", ""K"": ""150"", ""MG"": ""50"", ""MN"": ""0.34"", ""MO"": ""69"", ""NA"": ""11"", ""NACL_EQ"": ""0"", ""NE"": ""1.6"", ""NIA"": ""0.2"", ""OA"": ""0.2"", ""P"": ""68"", ""PANTAC"": ""0.09"", ""POLYL"": ""-"", ""PROT-"": ""5.3"", ""PROTCAA"": ""5.3"", ""REFUSE"": ""0"", ""RETOL"": ""(0)"", ""RIBF"": ""0.04"", ""SE"": ""1"", ""THIA"": ""0.11"", ""TOCPHA"": ""0.1"", ""TOCPHB"": ""Tr"", ""TOCPHD"": ""1.0"", ""TOCPHG"": ""2.3"", ""VITA_RAE"": ""0"", ""VITB12"": ""(0)"", ""VITB6A"": ""0.06"", ""VITC"": ""0"", ""VITD"": ""(0)"", ""VITK"": ""9"", ""WATER"": ""88.5"", ""ZN"": ""0.5""}","[""FATNLEA"", ""CHOLE"", ""RETOL"", ""VITD"", ""VITB12""]",mext_sfct,八訂増補2023,2026-03-27,https://www.mext.go.jp/a_menu/syokuhinseibun/mext_00001.html
04046,04,0380,だいず　［納豆類］　糸引き納豆,だいず　［納豆類］　糸引き納豆,だいず[納豆類]糸引き納豆,,100,g,0,184,16.5,14.5,10,9.7,12.1,4.8,9.5,0,"{""ALC"": ""-"", ""ASH"": ""1.9"", ""BIOT"": ""18.2"", ""CA"": ""90"", ""CARTA"": ""Tr"", ""CARTB"": ""4"", ""CARTBEQ"": ""4"", ""CHOAVL"": ""0.3"", ""CHOAVLDF-"": ""(4.8)"", ""CHOAVLM"": ""0.3"", ""CHOCDF-"": ""12.1"", ""CHOLE"": ""Tr"", ""CR"": ""1"", ""CRYPXB"": ""1"", ""CU"": ""0.61"", ""ENERC"": ""765"", ""ENERC_KCAL"": ""184"", ""FAT-"": ""10.0"", ""FATNLEA"": ""(9.7)"", ""FE"": ""3.3"", ""FIB-"": ""9.5"", ""FOL"": ""120"", ""ID"": ""Tr"", ""K"": ""660"", ""MG"": ""100"", ""MN"": ""1.39"", ""MO"": ""290"", ""NA"": ""2"", ""NACL_EQ"": ""0"", ""NE"": ""5.2"", ""NIA"": ""1.1"", ""OA"": ""-"", ""P"": ""190"", ""PANTAC"": ""3.63"", ""POLYL"": ""-"", ""PROT-"": ""16.5"", ""PROTCAA"": ""14.5"", ""REFUSE"": ""0"", ""RETOL"": ""(0)"", ""RIBF"": ""0.56"", ""SE"": ""16"", ""THIA"": ""0.07"", ""TOCPHA"": ""0.5"", ""TOCPHB"": ""0.2"", ""TOCPHD"": ""3.3"", ""TOCPHG"": ""5.9"", ""VITA_RAE"": ""Tr"", ""VITB12"": ""Tr"", ""VITB6A"": ""0.24"", ""VITC"": ""Tr"", ""VITD"": ""(0)"", ""VITK"": ""600"", ""WATER"": ""59.5"", ""ZN"": ""1.9""}","[""FATNLEA"", ""CHOAVLDF-"", ""RETOL"", ""VITD""]",mext_sfct,八訂増補2023,2026-03-27,https://www.mext.go.jp/a_menu/syokuhinseibun/mext_00001.html
06061,06,0532,（キャベツ類）　キャベツ　結球葉　生,（キャベツ類）　キャベツ　結球葉　生,(きゃべつ類)きゃべつ結球葉生,,100,g,15,23,1.2,0.8,0.1,0,5.2,3.7,1.8,0,"{""ALC"": ""-"", ""ASH"": ""0.5"", ""BIOT"": ""1.5"", ""CA"": ""42"", ""CARTA"": ""0"", ""CARTB"": ""24"", ""CARTBEQ"": ""24"", ""CHOAVL"": ""3.9"", ""CHOAVLDF-"": ""3.7"", ""CHOAVLM"": ""3.9"", ""CHOCDF-"": ""5.2"", ""CHOLE"": ""(0)"", ""CR"": ""0"", ""CRYPXB"": ""Tr"", ""CU"": ""0.02"", ""ENERC"": ""95"", ""ENERC_KCAL"": ""23"", ""FAT-"": ""0.1"", ""FATNLEA"": ""Tr"", ""FE"": ""0.3"", ""FIB-"": ""1.8"", ""FOL"": ""66"", ""ID"": ""0"", ""K"": ""190"", ""MG"": ""14"", ""MN"": ""0.13"", ""MO"": ""2"", ""NA"": ""5"", ""NACL_EQ"": ""0"", ""NE"": ""0.4"", ""NIA"": ""0.2"", ""OA"": ""0.1"", ""P"": ""26"", ""PANTAC"": ""0.19"", ""POLYL"": ""-"", ""PROT-"": ""1.2"", ""PROTCAA"": ""0.8"", ""REFUSE"": ""15"", ""RETOL"": ""0"", ""RIBF"": ""0.03"", ""SE"": ""0"", ""THIA"": ""0.04"", ""TOCPHA"": ""0.1"", ""TOCPHB"": ""0"", ""TOCPHD"": ""0"", ""TOCPHG"": ""0"", ""VITA_RAE"": ""2"", ""VITB12"": ""(0)"", ""VITB6A"": ""0.1"", ""VITC"": ""38"", ""VITD"": ""(0)"", ""VITK"": ""79"", ""WATER"": ""92.9"", ""ZN"": ""0.1""}","[""CHOLE"", ""VITD"", ""VITB12""]",mext_sfct,八訂増補2023,2026-03-27,https://www.mext.go.jp/a_menu/syokuhinseibun/mext_00001.html
06182,06,0672,（トマト類）　赤色トマト　果実　生,（トマト類）　赤色トマト　果実　生,(とまと類)赤色とまと果実生,,100,g,3,20,0.7,0.5,0.1,0.1,4.7,3.5,1,0,"{""ALC"": ""-"", ""ASH"": ""0.5"", ""BIOT"": ""2.3"", ""CA"": ""7"", ""CARTA"": ""4"", ""CARTB"": ""540"", ""CARTBEQ"": ""540"", ""CHOAVL"": ""3.1"", ""CHOAVLDF-"": ""3.5"", ""CHOAVLM"": ""3.1"", ""CHOCDF-"": ""4.7"", ""CHOLE"": ""0"", ""CR"": ""Tr"", ""CRYPXB"": ""0"", ""CU"": ""0.04"", ""ENERC"": ""83"", ""ENERC_KCAL"": ""20"", ""FAT-"": ""0.1"", ""FATNLEA"": ""0.1"", ""FE"": ""0.2"", ""FIB-"": ""1.0"", ""FOL"": ""22"", ""ID"": ""Tr"", ""K"": ""210"", ""MG"": ""9"", ""MN"": ""0.08"", ""MO"": ""2"", ""NA"": ""3"", ""NACL_EQ"": ""0"", ""NE"": ""0.8"", ""NIA"": ""0.7"", ""OA"": ""0.4"", ""P"": ""26"", ""PANTAC"": ""0.17"", ""POLYL"": ""0"", ""PROT-"": ""0.7"", ""PROTCAA"": ""0.5"", ""REFUSE"": ""3"", ""RETOL"": ""(0)"", ""RIBF"": ""0.02"", ""SE"": ""1"", ""THIA"": ""0.05"", ""TOCPHA"": ""0.9"", ""TOCPHB"": ""Tr"", ""TOCPHD"": ""0"", ""TOCPHG"": ""0.2"", ""VITA_RAE"": ""45"", ""VITB12"": ""(0)"", ""VITB6A"": ""0.08"", ""VITC"": ""15"", ""VITD"": ""(0)"", ""VITK"": ""4"", ""WATER"": ""94.0"", ""ZN"": ""0.1""}","[""RETOL"", ""VITD"", ""VITB12""]",mext_sfct,八訂増補2023,2026-03-27,https://www.mext.go.jp/a_menu/syokuhinseibun/mext_00001.html
07012,07,0876,いちご　生,いちご　生,いちご生,,100,g,2,31,0.9,0.7,0.1,0.1,8.5,6.6,1.4,0,"{""ALC"": ""-"", ""ASH"": ""0.5"", ""BIOT"": ""0.8"", ""CA"": ""17"", ""CARTA"": ""0"", ""CARTB"": ""17"", ""CARTBEQ"": ""18"", ""CHOAVL"": ""(5.9)"", ""CHOAVLDF-"": ""6.6"", ""CHOAVLM"": ""(6.1)"", ""CHOCDF-"": ""8.5"", ""CHOLE"": ""0"", ""CR"": ""0"", ""CRYPXB"": ""1"", ""CU"": ""0.05"", ""ENERC"": ""130"", ""ENERC_KCAL"": ""31"", ""FAT-"": ""0.1"", ""FATNLEA"": ""0.1"", ""FE"": ""0.3"", ""FIB-"": ""1.4"", ""FOL"": ""90"", ""ID"": ""1"", ""K"": ""170"", ""MG"": ""13"", ""MN"": ""0.20"", ""MO"": ""9"", ""NA"": ""Tr"", ""NACL_EQ"": ""0"", ""NE"": ""0.5"", ""NIA"": ""0.4"", ""OA"": ""0.8"", ""P"": ""31"", ""PANTAC"": ""0.33"", ""POLYL"": ""0"", ""PROT-"": ""0.9"", ""PROTCAA"": ""0.7"", ""REFUSE"": ""2"", ""RETOL"": ""(0)"", ""RIBF"": ""0.02"", ""SE"": ""Tr"", ""THIA"": ""0.03"", ""TOCPHA"": ""0.4"", ""TOCPHB"": ""0"", ""TOCPHD"": ""0"", ""TOCPHG"": ""0.2"", ""VITA_RAE"": ""1"", ""VITB12"": ""(0)"", ""VITB6A"": ""0.04"", ""VITC"": ""62"", ""VITD"": ""(0)"", ""VITK"": ""(2)"", ""WATER"": ""90.0"", ""ZN"": ""0.2""}","[""CHOAVLM"", ""CHOAVL"", ""RETOL"", ""VITD"", ""VITK"", ""VITB12""]",mext_sfct,八訂増補2023,2026-03-27,https://www.mext.go.jp/a_menu/syokuhinseibun/mext_00001.html
07107,07,0998,バナナ　生,バナナ　生,ばなな生,,100,g,40,93,1.1,0.7,0.2,0.1,22.5,21.1,1.1,0,"{""ALC"": ""-"", ""ASH"": ""0.8"", ""BIOT"": ""1.4"", ""CA"": ""6"", ""CARTA"": ""28"", ""CARTB"": ""42"", ""CARTBEQ"": ""56"", ""CHOAVL"": ""18.5"", ""CHOAVLDF-"": ""21.1"", ""CHOAVLM"": ""19.4"", ""CHOCDF-"": ""22.5"", ""CHOLE"": ""0"", ""CR"": ""0"", ""CRYPXB"": ""0"", ""CU"": ""0.09"", ""ENERC"": ""392"", ""ENERC_KCAL"": ""93"", ""FAT-"": ""0.2"", ""FATNLEA"": ""(0.1)"", ""FE"": ""0.3"", ""FIB-"": ""1.1"", ""FOL"": ""26"", ""ID"": ""0"", ""K"": ""360"", ""MG"": ""32"", ""MN"": ""0.26"", ""MO"": ""7"", ""NA"": ""Tr"", ""NACL_EQ"": ""0"", ""NE"": ""0.9"", ""NIA"": ""0.7"", ""OA"": ""0.7"", ""P"": ""27"", ""PANTAC"": ""0.44"", ""POLYL"": ""-"", ""PROT-"": ""1.1"", ""PROTCAA"": ""0.7"", ""REFUSE"": ""40"", ""RETOL"": ""(0)"", ""RIBF"": ""0.04"", ""SE"": ""1"", ""THIA"": ""0.05"", ""TOCPHA"": ""0.5"", ""TOCPHB"": ""0"", ""TOCPHD"": ""0"", ""TOCPHG"": ""0"", ""VITA_RAE"": ""5"", ""VITB12"": ""(0)"", ""VITB6A"": ""0.38"", ""VITC"": ""16"", ""VITD"": ""(0)"", ""VITK"": ""(Tr)"", ""WATER"": ""75.4"", ""ZN"": ""0.2""}","[""FATNLEA"", ""RETOL"", ""VITD"", ""VITB12""]",mext_sfct,八訂増補2023,2026-03-27,https://www.mext.go.jp/a_menu/syokuhinseibun/mext_00001.html
07148,07,1037,りんご　皮なし　生,りんご　皮なし　生,りんご皮なし生,,100,g,15,53,0.1,0.1,0.2,0,15.5,13,1.4,0,"{""ALC"": ""-"", ""ASH"": ""0.2"", ""BIOT"": ""0.5"", ""CA"": ""3"", ""CARTA"": ""0"", ""CARTB"": ""12"", ""CARTBEQ"": ""15"", ""CHOAVL"": ""12.2"", ""CHOAVLDF-"": ""13.0"", ""CHOAVLM"": ""12.4"", ""CHOCDF-"": ""15.5"", ""CHOLE"": ""(0)"", ""CR"": ""1"", ""CRYPXB"": ""7"", ""CU"": ""0.05"", ""ENERC"": ""225"", ""ENERC_KCAL"": ""53"", ""FAT-"": ""0.2"", ""FATNLEA"": ""Tr"", ""FE"": ""0.1"", ""FIB-"": ""1.4"", ""FOL"": ""2"", ""ID"": ""0"", ""K"": ""120"", ""MG"": ""3"", ""MN"": ""0.02"", ""MO"": ""0"", ""NA"": ""Tr"", ""NACL_EQ"": ""0"", ""NE"": ""0.1"", ""NIA"": ""0.1"", ""OA"": ""0.5"", ""P"": ""12"", ""PANTAC"": ""0.03"", ""POLYL"": ""0.7"", ""PROT-"": ""0.1"", ""PROTCAA"": ""0.1"", ""REFUSE"": ""15"", ""RETOL"": ""(0)"", ""RIBF"": ""Tr"", ""SE"": ""0"", ""THIA"": ""0.02"", ""TOCPHA"": ""0.1"", ""TOCPHB"": ""0"", ""TOCPHD"": ""0"", ""TOCPHG"": ""0"", ""VITA_RAE"": ""1"", ""VITB12"": ""(0)"", ""VITB6A"": ""0.04"", ""VITC"": ""4"", ""VITD"": ""(0)"", ""VITK"": ""Tr"", ""WATER"": ""84.1"", ""ZN"": ""Tr""}","[""CHOLE"", ""RETOL"", ""VITD"", ""VITB12""]",mext_sfct,八訂増補2023,2026-03-27,https://www.mext.go.jp/a_menu/syokuhinseibun/mext_00001.html
10003,10,1161,＜魚類＞　（あじ類）　まあじ　皮つき　生,＜魚類＞　（あじ類）　まあじ　皮つき　生,<魚類>(あじ類)まあじ皮つき生,,100,g,55,112,19.7,16.8,4.5,3.5,0.1,3.3,0,0.3,"{""ALC"": ""-"", ""ASH"": ""1.3"", ""BIOT"": ""3.3"", ""CA"": ""66"", ""CARTA"": ""0"", ""CARTB"": ""0"", ""CARTBEQ"": ""0"", ""CHOAVL"": ""(0.1)"", ""CHOAVLDF-"": ""3.3"", ""CHOAVLM"": ""(0.1)"", ""CHOCDF-"": ""0.1"", ""CHOLE"": ""68"", ""CR"": ""1"", ""CRYPXB"": ""0"", ""CU"": ""0.07"", ""ENERC"": ""471"", ""ENERC_KCAL"": ""112"", ""FAT-"": ""4.5"", ""FATNLEA"": ""3.5"", ""FE"": ""0.6"", ""FIB-"": ""(0)"", ""FOL"": ""5"", ""ID"": ""20"", ""K"": ""360"", ""MG"": ""34"", ""MN"": ""0.01"", ""MO"": ""0"", ""NA"": ""130"", ""NACL_EQ"": ""0.3"", ""NE"": ""9.2"", ""NIA"": ""5.5"", ""OA"": ""-"", ""P"": ""230"", ""PANTAC"": ""0.41"", ""POLYL"": ""-"", ""PROT-"": ""19.7"", ""PROTCAA"": ""16.8"", ""REFUSE"": ""55"", ""RETOL"": ""7"", ""RIBF"": ""0.13"", ""SE"": ""46"", ""THIA"": ""0.13"", ""TOCPHA"": ""0.6"", ""TOCPHB"": ""0"", ""TOCPHD"": ""0"", ""TOCPHG"": ""0"", ""VITA_RAE"": ""7"", ""VITB12"": ""7.1"", ""VITB6A"": ""0.30"", ""VITC"": ""Tr"", ""VITD"": ""8.9"", ""VITK"": ""Tr"", ""WATER"": ""75.1"", ""ZN"": ""1.1""}","[""CHOAVLM"", ""CHOAVL"", ""FIB-""]",mext_sfct,八訂増補2023,2026-03-27,https://www.mext.go.jp/a_menu/syokuhinseibun/mext_00001.html
10134,10,1308,＜魚類＞　（さけ・ます類）　しろさけ　生,＜魚類＞　（さけ・ます類）　しろさけ　生,<魚類>(さけ・ます類)しろさけ生,,100,g,0,124,22.3,18.9,4.1,3.7,0.1,3.9,0,0.2,"{""ALC"": ""-"", ""ASH"": ""1.2"", ""BIOT"": ""9.0"", ""CA"": ""14"", ""CARTA"": ""0"", ""CARTB"": ""0"", ""CARTBEQ"": ""(0)"", ""CHOAVL"": ""(0.1)"", ""CHOAVLDF-"": ""3.9"", ""CHOAVLM"": ""(0.1)"", ""CHOCDF-"": ""0.1"", ""CHOLE"": ""59"", ""CR"": ""1"", ""CRYPXB"": ""(0)"", ""CU"": ""0.07"", ""ENERC"": ""524"", ""ENERC_KCAL"": ""124"", ""FAT-"": ""4.1"", ""FATNLEA"": ""3.7"", ""FE"": ""0.5"", ""FIB-"": ""(0)"", ""FOL"": ""20"", ""ID"": ""5"", ""K"": ""350"", ""MG"": ""28"", ""MN"": ""0.01"", ""MO"": ""0"", ""NA"": ""66"", ""NACL_EQ"": ""0.2"", ""NE"": ""11.0"", ""NIA"": ""6.7"", ""OA"": ""-"", ""P"": ""240"", ""PANTAC"": ""1.27"", ""POLYL"": ""-"", ""PROT-"": ""22.3"", ""PROTCAA"": ""18.9"", ""REFUSE"": ""0"", ""RETOL"": ""11"", ""RIBF"": ""0.21"", ""SE"": ""31"", ""THIA"": ""0.15"", ""TOCPHA"": ""1.2"", ""TOCPHB"": ""0"", ""TOCPHD"": ""0"", ""TOCPHG"": ""Tr"", ""VITA_RAE"": ""11"", ""VITB12"": ""5.9"", ""VITB6A"": ""0.64"", ""VITC"": ""1"", ""VITD"": ""32.0"", ""VITK"": ""(0)"", ""WATER"": ""72.3"", ""ZN"": ""0.5""}","[""CHOAVLM"", ""CHOAVL"", ""FIB-"", ""CRYPXB"", ""CARTBEQ"", ""VITK""]",mext_sfct,八訂増補2023,2026-03-27,https://www.mext.go.jp/a_menu/syokuhinseibun/mext_00001.html
10253,10,1454,＜魚類＞　（まぐろ類）　くろまぐろ　天然　赤身　生,＜魚類＞　（まぐろ類）　くろまぐろ　天然　赤身　生,<魚類>(まぐろ類)くろまぐろ天然赤身生,,100,g,0,115,26.4,22.3,1.4,0.8,0.1,4.9,0,0.1,"{""ALC"": ""-"", ""ASH"": ""1.7"", ""BIOT"": ""1.9"", ""CA"": ""5"", ""CARTA"": ""0"", ""CARTB"": ""0"", ""CARTBEQ"": ""0"", ""CHOAVL"": ""(0.1)"", ""CHOAVLDF-"": ""4.9"", ""CHOAVLM"": ""(0.1)"", ""CHOCDF-"": ""0.1"", ""CHOLE"": ""50"", ""CR"": ""0"", ""CRYPXB"": ""0"", ""CU"": ""0.04"", ""ENERC"": ""490"", ""ENERC_KCAL"": ""115"", ""FAT-"": ""1.4"", ""FATNLEA"": ""0.8"", ""FE"": ""1.1"", ""FIB-"": ""(0)"", ""FOL"": ""8"", ""ID"": ""14"", ""K"": ""380"", ""MG"": ""45"", ""MN"": ""0.01"", ""MO"": ""0"", ""NA"": ""49"", ""NACL_EQ"": ""0.1"", ""NE"": ""19.0"", ""NIA"": ""14.0"", ""OA"": ""-"", ""P"": ""270"", ""PANTAC"": ""0.41"", ""POLYL"": ""-"", ""PROT-"": ""26.4"", ""PROTCAA"": ""22.3"", ""REFUSE"": ""0"", ""RETOL"": ""83"", ""RIBF"": ""0.05"", ""SE"": ""110"", ""THIA"": ""0.10"", ""TOCPHA"": ""0.8"", ""TOCPHB"": ""0"", ""TOCPHD"": ""0"", ""TOCPHG"": ""0"", ""VITA_RAE"": ""83"", ""VITB12"": ""1.3"", ""VITB6A"": ""0.85"", ""VITC"": ""2"", ""VITD"": ""5"", ""VITK"": ""Tr"", ""WATER"": ""70.4"", ""ZN"": ""0.4""}","[""CHOAVLM"", ""CHOAVL"", ""FIB-""]",mext_sfct,八訂増補2023,2026-03-27,https://www.mext.go.jp/a_menu/syokuhinseibun/mext_00001.html
11123,11,1770,＜畜肉類＞　ぶた　［大型種肉］　ロース　脂身つき　生,＜畜肉類＞　ぶた　［大型種肉］　ロース　脂身つき　生,<畜肉類>ぶた[大型種肉]ろす脂身つき生,,100,g,0,248,19.3,17.2,19.2,18.5,0.2,3,0,0.1,"{""ALC"": ""-"", ""ASH"": ""0.9"", ""BIOT"": ""3.7"", ""CA"": ""4"", ""CARTA"": ""-"", ""CARTB"": ""-"", ""CARTBEQ"": ""0"", ""CHOAVL"": ""(0.2)"", ""CHOAVLDF-"": ""3.0"", ""CHOAVLM"": ""(0.2)"", ""CHOCDF-"": ""0.2"", ""CHOLE"": ""61"", ""CR"": ""3"", ""CRYPXB"": ""-"", ""CU"": ""0.05"", ""ENERC"": ""1029"", ""ENERC_KCAL"": ""248"", ""FAT-"": ""19.2"", ""FATNLEA"": ""18.5"", ""FE"": ""0.3"", ""FIB-"": ""(0)"", ""FOL"": ""1"", ""ID"": ""1"", ""K"": ""310"", ""MG"": ""22"", ""MN"": ""0.01"", ""MO"": ""Tr"", ""NA"": ""42"", ""NACL_EQ"": ""0.1"", ""NE"": ""11.0"", ""NIA"": ""7.3"", ""OA"": ""-"", ""P"": ""180"", ""PANTAC"": ""0.98"", ""POLYL"": ""-"", ""PROT-"": ""19.3"", ""PROTCAA"": ""17.2"", ""REFUSE"": ""0"", ""RETOL"": ""6"", ""RIBF"": ""0.15"", ""SE"": ""21"", ""THIA"": ""0.69"", ""TOCPHA"": ""0.3"", ""TOCPHB"": ""0"", ""TOCPHD"": ""0"", ""TOCPHG"": ""Tr"", ""VITA_RAE"": ""6"", ""VITB12"": ""0.3"", ""VITB6A"": ""0.32"", ""VITC"": ""1"", ""VITD"": ""0.1"", ""VITK"": ""3"", ""WATER"": ""60.4"", ""ZN"": ""1.6""}","[""CHOAVLM"", ""CHOAVL"", ""FIB-""]",mext_sfct,八訂増補2023,2026-03-27,https://www.mext.go.jp/a_menu/syokuhinseibun/mext_00001.html
11220,11,1889,＜鳥肉類＞　にわとり　［若どり・主品目］　むね　皮なし　生,＜鳥肉類＞　にわとり　［若どり・主品目］　むね　皮なし　生,<鳥肉類>にわとり[若どり・主品目]むね皮なし生,,100,g,0,105,23.3,19.2,1.9,1.6,0.1,3.4,0,0.1,"{""ALC"": ""-"", ""ASH"": ""1.1"", ""BIOT"": ""3.2"", ""CA"": ""4"", ""CARTA"": ""0"", ""CARTB"": ""0"", ""CARTBEQ"": ""0"", ""CHOAVL"": ""(0.1)"", ""CHOAVLDF-"": ""3.4"", ""CHOAVLM"": ""(0.1)"", ""CHOCDF-"": ""0.1"", ""CHOLE"": ""72"", ""CR"": ""Tr"", ""CRYPXB"": ""0"", ""CU"": ""0.02"", ""ENERC"": ""445"", ""ENERC_KCAL"": ""105"", ""FAT-"": ""1.9"", ""FATNLEA"": ""1.6"", ""FE"": ""0.3"", ""FIB-"": ""(0)"", ""FOL"": ""13"", ""ID"": ""0"", ""K"": ""370"", ""MG"": ""29"", ""MN"": ""0.02"", ""MO"": ""2"", ""NA"": ""45"", ""NACL_EQ"": ""0.1"", ""NE"": ""17.0"", ""NIA"": ""12.0"", ""OA"": ""-"", ""P"": ""220"", ""PANTAC"": ""1.92"", ""POLYL"": ""-"", ""PROT-"": ""23.3"", ""PROTCAA"": ""19.2"", ""REFUSE"": ""0"", ""RETOL"": ""9"", ""RIBF"": ""0.11"", ""SE"": ""17"", ""THIA"": ""0.10"", ""TOCPHA"": ""0.3"", ""TOCPHB"": ""0"", ""TOCPHD"": ""0"", ""TOCPHG"": ""Tr"", ""VITA_RAE"": ""9"", ""VITB12"": ""0.2"", ""VITB6A"": ""0.64"", ""VITC"": ""3"", ""VITD"": ""0.1"", ""VITK"": ""16"", ""WATER"": ""74.6"", ""ZN"": ""0.7""}","[""CHOAVLM"", ""CHOAVL"", ""FIB-""]",mext_sfct,八訂増補2023,2026-03-27,https://www.mext.go.jp/a_menu/syokuhinseibun/mext_00001.html
11227,11,1899,＜鳥肉類＞　にわとり　［若どり・副品目］　ささみ　生,＜鳥肉類＞　にわとり　［若どり・副品目］　ささみ　生,<鳥肉類>にわとり[若どり・副品目]ささみ生,,100,g,5,98,23.9,19.7,0.8,0.5,0.1,2.8,0,0.1,"{""ALC"": ""-"", ""ASH"": ""1.2"", ""BIOT"": ""2.8"", ""CA"": ""4"", ""CARTA"": ""-"", ""CARTB"": ""-"", ""CARTBEQ"": ""Tr"", ""CHOAVL"": ""(Tr)"", ""CHOAVLDF-"": ""2.8"", ""CHOAVLM"": ""(0.1)"", ""CHOCDF-"": ""0.1"", ""CHOLE"": ""66"", ""CR"": ""0"", ""CRYPXB"": ""-"", ""CU"": ""0.03"", ""ENERC"": ""414"", ""ENERC_KCAL"": ""98"", ""FAT-"": ""0.8"", ""FATNLEA"": ""0.5"", ""FE"": ""0.3"", ""FIB-"": ""(0)"", ""FOL"": ""15"", ""ID"": ""0"", ""K"": ""410"", ""MG"": ""32"", ""MN"": ""0.01"", ""MO"": ""4"", ""NA"": ""40"", ""NACL_EQ"": ""0.1"", ""NE"": ""17.0"", ""NIA"": ""12.0"", ""OA"": ""0.7"", ""P"": ""240"", ""PANTAC"": ""2.07"", ""POLYL"": ""-"", ""PROT-"": ""23.9"", ""PROTCAA"": ""19.7"", ""REFUSE"": ""5"", ""RETOL"": ""5"", ""RIBF"": ""0.11"", ""SE"": ""22"", ""THIA"": ""0.09"", ""TOCPHA"": ""0.7"", ""TOCPHB"": ""0"", ""TOCPHD"": ""0"", ""TOCPHG"": ""Tr"", ""VITA_RAE"": ""5"", ""VITB12"": ""0.2"", ""VITB6A"": ""0.62"", ""VITC"": ""3"", ""VITD"": ""0"", ""VITK"": ""12"", ""WATER"": ""75.0"", ""ZN"": ""0.6""}","[""CHOAVLM"", ""FIB-""]",mext_sfct,八訂増補2023,2026-03-27,https://www.mext.go.jp/a_menu/syokuhinseibun/mext_00001.html
12004,12,1926,鶏卵　全卵　生,鶏卵　全卵　生,鶏卵全卵生,,100,g,14,142,12.2,11.3,10.2,9.3,0.4,3.4,0,0.4,"{""ALC"": ""-"", ""ASH"": ""1.0"", ""BIOT"": ""24.0"", ""CA"": ""46"", ""CARTA"": ""Tr"", ""CARTB"": ""1"", ""CARTBEQ"": ""7"", ""CHOAVL"": ""0.3"", ""CHOAVLDF-"": ""3.4"", ""CHOAVLM"": ""0.3"", ""CHOCDF-"": ""0.4"", ""CHOLE"": ""370"", ""CR"": ""0"", ""CRYPXB"": ""12"", ""CU"": ""0.05"", ""ENERC"": ""594"", ""ENERC_KCAL"": ""142"", ""FAT-"": ""10.2"", ""FATNLEA"": ""9.3"", ""FE"": ""1.5"", ""FIB-"": ""0"", ""FOL"": ""49"", ""ID"": ""33"", ""K"": ""130"", ""MG"": ""10"", ""MN"": ""0.02"", ""MO"": ""4"", ""NA"": ""140"", ""NACL_EQ"": ""0.4"", ""NE"": ""(3.2)"", ""NIA"": ""0.1"", ""OA"": ""-"", ""P"": ""170"", ""PANTAC"": ""1.16"", ""POLYL"": ""-"", ""PROT-"": ""12.2"", ""PROTCAA"": ""11.3"", ""REFUSE"": ""14"", ""RETOL"": ""210"", ""RIBF"": ""0.37"", ""SE"": ""24"", ""THIA"": ""0.06"", ""TOCPHA"": ""1.3"", ""TOCPHB"": ""0"", ""TOCPHD"": ""0"", ""TOCPHG"": ""0.5"", ""VITA_RAE"": ""210"", ""VITB12"": ""1.1"", ""VITB6A"": ""0.09"", ""VITC"": ""0"", ""VITD"": ""3.8"", ""VITK"": ""12"", ""WATER"": ""75.0"", ""ZN"": ""1.1""}","[""NE""]",mext_sfct,八訂増補2023,2026-03-27,https://www.mext.go.jp/a_menu/syokuhinseibun/mext_00001.html
12005,12,1927,鶏卵　全卵　ゆで,鶏卵　全卵　ゆで,鶏卵全卵ゆで,,100,g,11,134,12.5,11.2,10.4,9,0.3,2.1,0,0.3,"{""ALC"": ""-"", ""ASH"": ""1.0"", ""BIOT"": ""25.0"", ""CA"": ""47"", ""CARTA"": ""1"", ""CARTB"": ""Tr"", ""CARTBEQ"": ""4"", ""CHOAVL"": ""0.3"", ""CHOAVLDF-"": ""2.1"", ""CHOAVLM"": ""0.3"", ""CHOCDF-"": ""0.3"", ""CHOLE"": ""380"", ""CR"": ""0"", ""CRYPXB"": ""7"", ""CU"": ""0.05"", ""ENERC"": ""559"", ""ENERC_KCAL"": ""134"", ""FAT-"": ""10.4"", ""FATNLEA"": ""9.0"", ""FE"": ""1.5"", ""FIB-"": ""0"", ""FOL"": ""48"", ""ID"": ""20"", ""K"": ""130"", ""MG"": ""11"", ""MN"": ""0.03"", ""MO"": ""2"", ""NA"": ""140"", ""NACL_EQ"": ""0.3"", ""NE"": ""(3.3)"", ""NIA"": ""0.1"", ""OA"": ""-"", ""P"": ""170"", ""PANTAC"": ""1.18"", ""POLYL"": ""-"", ""PROT-"": ""12.5"", ""PROTCAA"": ""11.2"", ""REFUSE"": ""11"", ""RETOL"": ""160"", ""RIBF"": ""0.32"", ""SE"": ""25"", ""THIA"": ""0.06"", ""TOCPHA"": ""1.2"", ""TOCPHB"": ""0"", ""TOCPHD"": ""0"", ""TOCPHG"": ""0.4"", ""VITA_RAE"": ""170"", ""VITB12"": ""1.0"", ""VITB6A"": ""0.09"", ""VITC"": ""0"", ""VITD"": ""2.5"", ""VITK"": ""11"", ""WATER"": ""76.7"", ""ZN"": ""1.1""}","[""NE""]",mext_sfct,八訂増補2023,2026-03-27,https://www.mext.go.jp/a_menu/syokuhinseibun/mext_00001.html
13003,13,1947,＜牛乳及び乳製品＞　（液状乳類）　普通牛乳,＜牛乳及び乳製品＞　（液状乳類）　普通牛乳,<牛乳及び乳製品>(液状乳類)普通牛乳,,100,g,0,61,3.3,3,3.8,3.5,4.8,5.3,0,0.1,"{""ALC"": ""-"", ""ASH"": ""0.7"", ""BIOT"": ""1.8"", ""CA"": ""110"", ""CARTA"": ""0"", ""CARTB"": ""6"", ""CARTBEQ"": ""6"", ""CHOAVL"": ""4.4"", ""CHOAVLDF-"": ""5.3"", ""CHOAVLM"": ""4.7"", ""CHOCDF-"": ""4.8"", ""CHOLE"": ""12"", ""CR"": ""0"", ""CRYPXB"": ""0"", ""CU"": ""0.01"", ""ENERC"": ""256"", ""ENERC_KCAL"": ""61"", ""FAT-"": ""3.8"", ""FATNLEA"": ""3.5"", ""FE"": ""0.02"", ""FIB-"": ""(0)"", ""FOL"": ""5"", ""ID"": ""16"", ""K"": ""150"", ""MG"": ""10"", ""MN"": ""Tr"", ""MO"": ""4"", ""NA"": ""41"", ""NACL_EQ"": ""0.1"", ""NE"": ""0.9"", ""NIA"": ""0.1"", ""OA"": ""0.2"", ""P"": ""93"", ""PANTAC"": ""0.55"", ""POLYL"": ""-"", ""PROT-"": ""3.3"", ""PROTCAA"": ""3.0"", ""REFUSE"": ""0"", ""RETOL"": ""38"", ""RIBF"": ""0.15"", ""SE"": ""3"", ""THIA"": ""0.04"", ""TOCPHA"": ""0.1"", ""TOCPHB"": ""0"", ""TOCPHD"": ""0"", ""TOCPHG"": ""0"", ""VITA_RAE"": ""38"", ""VITB12"": ""0.3"", ""VITB6A"": ""0.03"", ""VITC"": ""1"", ""VITD"": ""0.3"", ""VITK"": ""2"", ""WATER"": ""87.4"", ""ZN"": ""0.4""}","[""FIB-""]",mext_sfct,八訂増補2023,2026-03-27,https://www.mext.go.jp/a_menu/syokuhinseibun/mext_00001.html
13025,13,1970,＜牛乳及び乳製品＞　（発酵乳・乳酸菌飲料）　ヨーグルト　全脂無糖,＜牛乳及び乳製品＞　（発酵乳・乳酸菌飲料）　ヨーグルト　全脂無糖,<牛乳及び乳製品>(発酵乳・乳酸菌飲料)よぐると全脂無糖,,100,g,0,56,3.6,3.3,3,2.8,4.9,4.6,0,0.1,"{""ALC"": ""-"", ""ASH"": ""0.8"", ""BIOT"": ""2.5"", ""CA"": ""120"", ""CARTA"": ""0"", ""CARTB"": ""3"", ""CARTBEQ"": ""3"", ""CHOAVL"": ""3.8"", ""CHOAVLDF-"": ""4.6"", ""CHOAVLM"": ""3.9"", ""CHOCDF-"": ""4.9"", ""CHOLE"": ""12"", ""CR"": ""0"", ""CRYPXB"": ""0"", ""CU"": ""0.01"", ""ENERC"": ""233"", ""ENERC_KCAL"": ""56"", ""FAT-"": ""3.0"", ""FATNLEA"": ""2.8"", ""FE"": ""Tr"", ""FIB-"": ""(0)"", ""FOL"": ""11"", ""ID"": ""17"", ""K"": ""170"", ""MG"": ""12"", ""MN"": ""Tr"", ""MO"": ""4"", ""NA"": ""48"", ""NACL_EQ"": ""0.1"", ""NE"": ""0.9"", ""NIA"": ""0.1"", ""OA"": ""0.9"", ""P"": ""100"", ""PANTAC"": ""0.49"", ""POLYL"": ""-"", ""PROT-"": ""3.6"", ""PROTCAA"": ""3.3"", ""REFUSE"": ""0"", ""RETOL"": ""33"", ""RIBF"": ""0.14"", ""SE"": ""3"", ""THIA"": ""0.04"", ""TOCPHA"": ""0.1"", ""TOCPHB"": ""0"", ""TOCPHD"": ""0"", ""TOCPHG"": ""0"", ""VITA_RAE"": ""33"", ""VITB12"": ""0.1"", ""VITB6A"": ""0.04"", ""VITC"": ""1"", ""VITD"": ""0"", ""VITK"": ""1"", ""WATER"": ""87.7"", ""ZN"": ""0.4""}","[""FIB-""]",mext_sfct,八訂増補2023,2026-03-27,https://www.mext.go.jp/a_menu/syokuhinseibun/mext_00001.html
14017,14,2027,（バター類）　無発酵バター　有塩バター,（バター類）　無発酵バター　有塩バター,(ばた類)無発酵ばた有塩ばた,,100,g,0,700,0.6,0.5,81,74.5,0.2,6.8,0,1.9,"{""ALC"": ""-"", ""ASH"": ""2.0"", ""BIOT"": ""0.4"", ""CA"": ""15"", ""CARTA"": ""2"", ""CARTB"": ""190"", ""CARTBEQ"": ""190"", ""CHOAVL"": ""0.5"", ""CHOAVLDF-"": ""6.8"", ""CHOAVLM"": ""0.6"", ""CHOCDF-"": ""0.2"", ""CHOLE"": ""210"", ""CR"": ""1"", ""CRYPXB"": ""6"", ""CU"": ""Tr"", ""ENERC"": ""2880"", ""ENERC_KCAL"": ""700"", ""FAT-"": ""81.0"", ""FATNLEA"": ""74.5"", ""FE"": ""0.1"", ""FIB-"": ""(0)"", ""FOL"": ""Tr"", ""ID"": ""2"", ""K"": ""28"", ""MG"": ""2"", ""MN"": ""0"", ""MO"": ""3"", ""NA"": ""750"", ""NACL_EQ"": ""1.9"", ""NE"": ""0.1"", ""NIA"": ""0"", ""OA"": ""-"", ""P"": ""15"", ""PANTAC"": ""0.06"", ""POLYL"": ""-"", ""PROT-"": ""0.6"", ""PROTCAA"": ""0.5"", ""REFUSE"": ""0"", ""RETOL"": ""500"", ""RIBF"": ""0.03"", ""SE"": ""Tr"", ""THIA"": ""0.01"", ""TOCPHA"": ""1.5"", ""TOCPHB"": ""0"", ""TOCPHD"": ""0"", ""TOCPHG"": ""0.1"", ""VITA_RAE"": ""520"", ""VITB12"": ""0.1"", ""VITB6A"": ""Tr"", ""VITC"": ""0"", ""VITD"": ""0.6"", ""VITK"": ""17"", ""WATER"": ""16.2"", ""ZN"": ""0.1""}","[""FIB-""]",mext_sfct,八訂増補2023,2026-03-27,https://www.mext.go.jp/a_menu/syokuhinseibun/mext_00001.html
15023,15,2075,＜和生菓子・和半生菓子類＞　大福もち　こしあん入り,＜和生菓子・和半生菓子類＞　大福もち　こしあん入り,<和生菓子・和半生菓子類>大福もちこしあん入り,,100,g,0,223,4.6,4.1,0.5,0.3,53.2,52,1.8,0.1,"{""ALC"": ""-"", ""ASH"": ""(0.3)"", ""BIOT"": ""(0.9)"", ""CA"": ""(18)"", ""CARTA"": ""0"", ""CARTB"": ""0"", ""CARTBEQ"": ""0"", ""CHOAVL"": ""(49.3)"", ""CHOAVLDF-"": ""(52.0)"", ""CHOAVLM"": ""(53.4)"", ""CHOCDF-"": ""(53.2)"", ""CHOLE"": ""0"", ""CR"": ""0"", ""CRYPXB"": ""0"", ""CU"": ""(0.13)"", ""ENERC"": ""950"", ""ENERC_KCAL"": ""223"", ""FAT-"": ""(0.5)"", ""FATNLEA"": ""(0.3)"", ""FE"": ""(0.7)"", ""FIB-"": ""(1.8)"", ""FOL"": ""(3)"", ""ID"": ""0"", ""K"": ""(33)"", ""MG"": ""(10)"", ""MN"": ""(0.51)"", ""MO"": ""(46)"", ""NA"": ""(33)"", ""NACL_EQ"": ""(0.1)"", ""NE"": ""(1.1)"", ""NIA"": ""(0.1)"", ""OA"": ""-"", ""P"": ""(32)"", ""PANTAC"": ""(0.22)"", ""POLYL"": ""0"", ""PROT-"": ""(4.6)"", ""PROTCAA"": ""(4.1)"", ""REFUSE"": ""0"", ""RETOL"": ""0"", ""RIBF"": ""(0.01)"", ""SE"": ""(1)"", ""THIA"": ""(0.02)"", ""TOCPHA"": ""(Tr)"", ""TOCPHB"": ""0"", ""TOCPHD"": ""(0.9)"", ""TOCPHG"": ""(0.3)"", ""VITA_RAE"": ""0"", ""VITB12"": ""0"", ""VITB6A"": ""(0.02)"", ""VITC"": ""0"", ""VITD"": ""0"", ""VITK"": ""(2)"", ""WATER"": ""(41.5)"", ""ZN"": ""(0.8)""}","[""WATER"", ""PROTCAA"", ""PROT-"", ""FATNLEA"", ""FAT-"", ""CHOAVLM"", ""CHOAVL"", ""CHOAVLDF-"", ""FIB-"", ""CHOCDF-"", ""ASH"", ""NA"", ""K"", ""CA"", ""MG"", ""P"", ""FE"", ""ZN"", ""CU"", ""MN"", ""SE"", ""MO"", ""TOCPHG"", ""TOCPHD"", ""VITK"", ""THIA"", ""RIBF"", ""NIA"", ""NE"", ""VITB6A"", ""FOL"", ""PANTAC"", ""BIOT"", ""NACL_EQ""]",mext_sfct,八訂増補2023,2026-03-27,https://www.mext.go.jp/a_menu/syokuhinseibun/mext_00001.html
16037,16,2261,＜茶類＞　（緑茶類）　せん茶　浸出液,＜茶類＞　（緑茶類）　せん茶　浸出液,<茶類>(緑茶類)せん茶浸出液,,100,g,0,2,0.2,0.2,0,,0.2,0.3,,0,"{""ALC"": ""-"", ""ASH"": ""0.1"", ""BIOT"": ""0.8"", ""CA"": ""3"", ""CARTA"": ""-"", ""CARTB"": ""-"", ""CARTBEQ"": ""(0)"", ""CHOAVL"": ""-"", ""CHOAVLDF-"": ""0.3"", ""CHOAVLM"": ""-"", ""CHOCDF-"": ""0.2"", ""CHOLE"": ""(0)"", ""CR"": ""0"", ""CRYPXB"": ""-"", ""CU"": ""0.01"", ""ENERC"": ""7"", ""ENERC_KCAL"": ""2"", ""FAT-"": ""(0)"", ""FATNLEA"": ""-"", ""FE"": ""0.2"", ""FIB-"": ""-"", ""FOL"": ""16"", ""ID"": ""0"", ""K"": ""27"", ""MG"": ""2"", ""MN"": ""0.31"", ""MO"": ""0"", ""NA"": ""3"", ""NACL_EQ"": ""0"", ""NE"": ""(0.3)"", ""NIA"": ""0.2"", ""OA"": ""-"", ""P"": ""2"", ""PANTAC"": ""0.04"", ""POLYL"": ""-"", ""PROT-"": ""0.2"", ""PROTCAA"": ""(0.2)"", ""REFUSE"": ""0"", ""RETOL"": ""(0)"", ""RIBF"": ""0.05"", ""SE"": ""0"", ""THIA"": ""0"", ""TOCPHA"": ""-"", ""TOCPHB"": ""-"", ""TOCPHD"": ""-"", ""TOCPHG"": ""-"", ""VITA_RAE"": ""(0)"", ""VITB12"": ""(0)"", ""VITB6A"": ""0.01"", ""VITC"": ""6"", ""VITD"": ""(0)"", ""VITK"": ""Tr"", ""WATER"": ""99.4"", ""ZN"": ""Tr""}","[""PROTCAA"", ""CHOLE"", ""FAT-"", ""RETOL"", ""CARTBEQ"", ""VITA_RAE"", ""VITD"", ""NE"", ""VITB12""]",mext_sfct,八訂増補2023,2026-03-27,https://www.mext.go.jp/a_menu/syokuhinseibun/mext_00001.html
16045,16,2269,＜コーヒー・ココア類＞　コーヒー　浸出液,＜コーヒー・ココア類＞　コーヒー　浸出液,<こひ・ここあ類>こひ浸出液,,100,g,0,4,0.2,0.1,0,0,0.7,0.8,,0,"{""ALC"": ""-"", ""ASH"": ""0.2"", ""BIOT"": ""1.7"", ""CA"": ""2"", ""CARTA"": ""0"", ""CARTB"": ""0"", ""CARTBEQ"": ""0"", ""CHOAVL"": ""(0)"", ""CHOAVLDF-"": ""0.8"", ""CHOAVLM"": ""(0)"", ""CHOCDF-"": ""0.7"", ""CHOLE"": ""0"", ""CR"": ""0"", ""CRYPXB"": ""0"", ""CU"": ""0"", ""ENERC"": ""16"", ""ENERC_KCAL"": ""4"", ""FAT-"": ""Tr"", ""FATNLEA"": ""(Tr)"", ""FE"": ""Tr"", ""FIB-"": ""-"", ""FOL"": ""0"", ""ID"": ""0"", ""K"": ""65"", ""MG"": ""6"", ""MN"": ""0.03"", ""MO"": ""0"", ""NA"": ""1"", ""NACL_EQ"": ""0"", ""NE"": ""(0.8)"", ""NIA"": ""0.8"", ""OA"": ""-"", ""P"": ""7"", ""PANTAC"": ""0"", ""POLYL"": ""-"", ""PROT-"": ""0.2"", ""PROTCAA"": ""(0.1)"", ""REFUSE"": ""0"", ""RETOL"": ""0"", ""RIBF"": ""0.01"", ""SE"": ""0"", ""THIA"": ""0"", ""TOCPHA"": ""0"", ""TOCPHB"": ""0"", ""TOCPHD"": ""0"", ""TOCPHG"": ""0"", ""VITA_RAE"": ""0"", ""VITB12"": ""0"", ""VITB6A"": ""0"", ""VITC"": ""0"", ""VITD"": ""0"", ""VITK"": ""0"", ""WATER"": ""98.6"", ""ZN"": ""Tr""}","[""PROTCAA"", ""CHOAVLM"", ""CHOAVL"", ""NE""]",mext_sfct,八訂増補2023,2026-03-27,https://www.mext.go.jp/a_menu/syokuhinseibun/mext_00001.html
17042,17,2369,＜調味料類＞　（ドレッシング類）　半固体状ドレッシング　マヨネーズ　全卵型,＜調味料類＞　（ドレッシング類）　半固体状ドレッシング　マヨネーズ　全卵型,<調味料類>(どれっしんぐ類)半固体状どれっしんぐまよねず全卵型,,100,g,0,668,1.4,1.3,76,72.5,3.6,7.2,0,1.9,"{""ALC"": ""-"", ""ASH"": ""1.9"", ""BIOT"": ""3.1"", ""CA"": ""8"", ""CARTA"": ""0"", ""CARTB"": ""0"", ""CARTBEQ"": ""1"", ""CHOAVL"": ""2.1"", ""CHOAVLDF-"": ""7.2"", ""CHOAVLM"": ""2.1"", ""CHOCDF-"": ""3.6"", ""CHOLE"": ""55"", ""CR"": ""1"", ""CRYPXB"": ""3"", ""CU"": ""0.01"", ""ENERC"": ""2747"", ""ENERC_KCAL"": ""668"", ""FAT-"": ""76.0"", ""FATNLEA"": ""72.5"", ""FE"": ""0.3"", ""FIB-"": ""(0)"", ""FOL"": ""1"", ""ID"": ""3"", ""K"": ""13"", ""MG"": ""2"", ""MN"": ""0.01"", ""MO"": ""1"", ""NA"": ""730"", ""NACL_EQ"": ""1.9"", ""NE"": ""0.2"", ""NIA"": ""Tr"", ""OA"": ""0.5"", ""P"": ""29"", ""PANTAC"": ""0.16"", ""POLYL"": ""-"", ""PROT-"": ""1.4"", ""PROTCAA"": ""1.3"", ""REFUSE"": ""0"", ""RETOL"": ""24"", ""RIBF"": ""0.03"", ""SE"": ""3"", ""THIA"": ""0.01"", ""TOCPHA"": ""13.1"", ""TOCPHB"": ""0.2"", ""TOCPHD"": ""2.3"", ""TOCPHG"": ""32.8"", ""VITA_RAE"": ""24"", ""VITB12"": ""0.1"", ""VITB6A"": ""0.02"", ""VITC"": ""0"", ""VITD"": ""0.3"", ""VITK"": ""120"", ""WATER"": ""16.6"", ""ZN"": ""0.2""}","[""FIB-""]",mext_sfct,八訂増補2023,2026-03-27,https://www.mext.go.jp/a_menu/syokuhinseibun/mext_00001.html
18001,18,2449,洋風料理　カレー類　ビーフカレー,洋風料理　カレー類　ビーフカレー,洋風料理かれ類びふかれ,,100,g,0,119,2.4,2.1,9,8.6,8.1,7.9,0.9,1.7,"{""ALC"": ""0"", ""ASH"": ""(2.0)"", ""BIOT"": ""(0.9)"", ""CA"": ""(20)"", ""CARTA"": ""(27)"", ""CARTB"": ""(75)"", ""CARTBEQ"": ""(90)"", ""CHOAVL"": ""(5.7)"", ""CHOAVLDF-"": ""(7.9)"", ""CHOAVLM"": ""(6.9)"", ""CHOCDF-"": ""(8.1)"", ""CHOLE"": ""(10)"", ""CR"": ""(1)"", ""CRYPXB"": ""(2)"", ""CU"": ""(0.04)"", ""ENERC"": ""495"", ""ENERC_KCAL"": ""119"", ""FAT-"": ""(9.0)"", ""FATNLEA"": ""(8.6)"", ""FE"": ""(0.7)"", ""FIB-"": ""(0.9)"", ""FOL"": ""(4)"", ""ID"": ""(1)"", ""K"": ""(93)"", ""MG"": ""(8)"", ""MN"": ""(0.12)"", ""MO"": ""(2)"", ""NA"": ""(680)"", ""NACL_EQ"": ""(1.7)"", ""NE"": ""(0.8)"", ""NIA"": ""(0.4)"", ""OA"": ""-"", ""P"": ""(32)"", ""PANTAC"": ""(0.14)"", ""POLYL"": ""-"", ""PROT-"": ""(2.4)"", ""PROTCAA"": ""(2.1)"", ""REFUSE"": ""0"", ""RETOL"": ""(1)"", ""RIBF"": ""(0.03)"", ""SE"": ""(2)"", ""THIA"": ""(0.02)"", ""TOCPHA"": ""(0.4)"", ""TOCPHB"": ""(Tr)"", ""TOCPHD"": ""(0.2)"", ""TOCPHG"": ""(0.7)"", ""VITA_RAE"": ""(9)"", ""VITB12"": ""(0.2)"", ""VITB6A"": ""(0.05)"", ""VITC"": ""(1)"", ""VITD"": ""0"", ""VITK"": ""(3)"", ""WATER"": ""(78.5)"", ""ZN"": ""(0.4)""}","[""WATER"", ""PROTCAA"", ""PROT-"", ""FATNLEA"", ""CHOLE"", ""FAT-"", ""CHOAVLM"", ""CHOAVL"", ""CHOAVLDF-"", ""FIB-"", ""CHOCDF-"", ""ASH"", ""NA"", ""K"", ""CA"", ""MG"", ""P"", ""FE"", ""ZN"", ""CU"", ""MN"", ""ID"", ""SE"", ""CR"", ""MO"", ""RETOL"", ""CARTA"", ""CARTB"", ""CRYPXB"", ""CARTBEQ"", ""VITA_RAE"", ""TOCPHA"", ""TOCPHG"", ""TOCPHD"", ""VITK"", ""THIA"", ""RIBF"", ""NIA"", ""NE"", ""VITB6A"", ""VITB12"", ""FOL"", ""PANTAC"", ""BIOT"", ""VITC"", ""NACL_EQ""]",mext_sfct,八訂増補2023,2026-03-27,https://www.mext.go.jp/a_menu/syokuhinseibun/mext_00001.html
18057,18,2478-1,中国料理　菜類　チャーハン,中国料理　菜類　チャーハン,中国料理菜類ちゃはん,,100,g,0,206,5,,5.2,,33.3,31.4,1.9,1.3,"{""ALC"": ""-"", ""ASH"": ""1.4"", ""BIOT"": ""2.8"", ""CA"": ""10"", ""CARTA"": ""67"", ""CARTB"": ""35"", ""CARTBEQ"": ""69"", ""CHOAVL"": ""32.9"", ""CHOAVLDF-"": ""31.4"", ""CHOAVLM"": ""36.2"", ""CHOCDF-"": ""33.3"", ""CHOLE"": ""-"", ""CR"": ""1"", ""CRYPXB"": ""2"", ""CU"": ""0.09"", ""ENERC"": ""868"", ""ENERC_KCAL"": ""206"", ""FAT-"": ""5.2"", ""FATNLEA"": ""-"", ""FE"": ""0.3"", ""FIB-"": ""1.9"", ""FOL"": ""8"", ""ID"": ""9"", ""K"": ""69"", ""MG"": ""8"", ""MN"": ""0.3"", ""MO"": ""26"", ""NA"": ""510"", ""NACL_EQ"": ""1.3"", ""NE"": ""1.2"", ""NIA"": ""0.4"", ""OA"": ""0.1"", ""P"": ""56"", ""PANTAC"": ""0.27"", ""POLYL"": ""-"", ""PROT-"": ""5"", ""PROTCAA"": ""-"", ""REFUSE"": ""0"", ""RETOL"": ""8"", ""RIBF"": ""0.04"", ""SE"": ""4"", ""THIA"": ""0.04"", ""TOCPHA"": ""0.8"", ""TOCPHB"": ""Tr"", ""TOCPHD"": ""0.1"", ""TOCPHG"": ""1.1"", ""VITA_RAE"": ""14"", ""VITB12"": ""0.1"", ""VITB6A"": ""0.04"", ""VITC"": ""1"", ""VITD"": ""0.2"", ""VITK"": ""8"", ""WATER"": ""55.1"", ""ZN"": ""0.7""}",[],mext_sfct,八訂増補2023,2026-03-27,https://www.mext.go.jp/a_menu/syokuhinseibun/mext_00001.html
