alias,reading,normalized,food_code,official_name,priority,note
ごはん,ごはん,ごはん,01088,こめ ［水稲めし］ 精白米 うるち米,100,
ご飯,ごはん,ご飯,01088,こめ ［水稲めし］ 精白米 うるち米,100,
白ご飯,しろごはん,白ご飯,01088,こめ ［水稲めし］ 精白米 うるち米,100,
白ごはん,しろごはん,白ごはん,01088,こめ ［水稲めし］ 精白米 うるち米,100,
白米,はくまい,白米,01088,こめ ［水稲めし］ 精白米 うるち米,100,
ライス,らいす,らいす,01088,こめ ［水稲めし］ 精白米 うるち米,100,
めし,めし,めし,01088,こめ ［水稲めし］ 精白米 うるち米,100,
飯,めし,飯,01088,こめ ［水稲めし］ 精白米 うるち米,100,
米飯,べいはん,米飯,01088,こめ ［水稲めし］ 精白米 うるち米,100,
精白米,せいはくまい,精白米,01088,こめ ［水稲めし］ 精白米 うるち米,100,
玄米,げんまい,玄米,01085,こめ ［水稲めし］ 玄米,100,
玄米ご飯,げんまいごはん,玄米ご飯,01085,こめ ［水稲めし］ 玄米,100,
発芽玄米,はつがげんまい,発芽玄米,01155,こめ ［水稲めし］ 発芽玄米,100,
もち米,もちごめ,もち米,01154,こめ ［水稲めし］ 精白米 もち米,100,
おこわ,おこわ,おこわ,01154,こめ ［水稲めし］ 精白米 もち米,100,
雑穀米,ざっこくまい,雑穀米,01089,こめ ［水稲めし］ はいが精米,100,近似（はいが精米）。要確認
胚芽米,はいがまい,胚芽米,01089,こめ ［水稲めし］ はいが精米,100,はいが精米
おにぎり,おにぎり,おにぎり,01111,こめ ［うるち米製品］ おにぎり,100,
おむすび,おむすび,おむすび,01111,こめ ［うるち米製品］ おにぎり,100,
焼きおにぎり,やきおにぎり,焼きおにぎり,01112,こめ ［うるち米製品］ 焼きおにぎり,100,
チャーハン,ちゃーはん,ちゃはん,18057,中国料理 菜類 チャーハン,100,
炒飯,ちゃーはん,炒飯,18057,中国料理 菜類 チャーハン,100,
焼き飯,やきめし,焼き飯,18057,中国料理 菜類 チャーハン,100,
パン,ぱん,ぱん,01026,こむぎ ［パン類］ 角形食パン 食パン,100,食パンを代表値に
食パン,しょくぱん,食ぱん,01026,こむぎ ［パン類］ 角形食パン 食パン,100,
トースト,とーすと,とすと,01026,こむぎ ［パン類］ 角形食パン 食パン,100,
ロールパン,ろーるぱん,ろるぱん,01034,こむぎ ［パン類］ ロールパン,100,
バターロール,ばたーろーる,ばたろる,01034,こむぎ ［パン類］ ロールパン,100,
クロワッサン,くろわっさん,くろわっさん,01209,こむぎ ［パン類］ クロワッサン レギュラータイプ,100,
うどん,うどん,うどん,01039,こむぎ ［うどん・そうめん類］ うどん ゆで,100,
饂飩,うどん,饂飩,01039,こむぎ ［うどん・そうめん類］ うどん ゆで,100,
ゆでうどん,ゆでうどん,ゆでうどん,01039,こむぎ ［うどん・そうめん類］ うどん ゆで,100,
そば,そば,そば,01128,そば そば ゆで,100,
蕎麦,そば,蕎麦,01128,そば そば ゆで,100,
日本そば,にほんそば,日本そば,01128,そば そば ゆで,100,
ラーメン,らーめん,らめん,01048,こむぎ ［中華めん類］ 中華めん ゆで,100,
らーめん,らーめん,らめん,01048,こむぎ ［中華めん類］ 中華めん ゆで,100,
中華そば,ちゅうかそば,中華そば,01048,こむぎ ［中華めん類］ 中華めん ゆで,100,
中華麺,ちゅうかめん,中華麺,01048,こむぎ ［中華めん類］ 中華めん ゆで,100,
インスタントラーメン,いんすたんとらーめん,いんすたんとらめん,01198,こむぎ ［即席めん類］ 即席中華めん 油揚げ 調理後全体 （添付調味料等を含むもの）,100,調理後全体（添付調味料含む）
カップ麺,かっぷめん,かっぷ麺,01198,こむぎ ［即席めん類］ 即席中華めん 油揚げ 調理後全体 （添付調味料等を含むもの）,100,袋麺の調理後全体で代用。要確認
即席麺,そくせきめん,即席麺,01198,こむぎ ［即席めん類］ 即席中華めん 油揚げ 調理後全体 （添付調味料等を含むもの）,100,
パスタ,ぱすた,ぱすた,01064,こむぎ ［マカロニ・スパゲッティ類］ マカロニ・スパゲッティ ゆで,100,
スパゲッティ,すぱげってぃ,すぱげってぃ,01064,こむぎ ［マカロニ・スパゲッティ類］ マカロニ・スパゲッティ ゆで,100,
スパゲティ,すぱげてぃ,すぱげてぃ,01064,こむぎ ［マカロニ・スパゲッティ類］ マカロニ・スパゲッティ ゆで,100,
マカロニ,まかろに,まかろに,01064,こむぎ ［マカロニ・スパゲッティ類］ マカロニ・スパゲッティ ゆで,100,
オートミール,おーとみーる,おとみる,01004,えんばく オートミール,100,
コーンフレーク,こーんふれーく,こんふれく,01137,とうもろこし コーンフレーク,100,
卵,たまご,卵,12004,鶏卵 全卵 生,100,
たまご,たまご,たまご,12004,鶏卵 全卵 生,100,
玉子,たまご,玉子,12004,鶏卵 全卵 生,100,
タマゴ,たまご,たまご,12004,鶏卵 全卵 生,100,
生卵,なまたまご,生卵,12004,鶏卵 全卵 生,100,
鶏卵,けいらん,鶏卵,12004,鶏卵 全卵 生,100,
ゆで卵,ゆでたまご,ゆで卵,12005,鶏卵 全卵 ゆで,100,
ゆでたまご,ゆでたまご,ゆでたまご,12005,鶏卵 全卵 ゆで,100,
茹で卵,ゆでたまご,茹で卵,12005,鶏卵 全卵 ゆで,100,
鶏むね,とりむね,鶏むね,11220,＜鳥肉類＞ にわとり ［若どり・主品目］ むね 皮なし 生,100,
鶏胸肉,とりむねにく,鶏胸肉,11220,＜鳥肉類＞ にわとり ［若どり・主品目］ むね 皮なし 生,100,
鶏むね肉,とりむねにく,鶏むね肉,11220,＜鳥肉類＞ にわとり ［若どり・主品目］ むね 皮なし 生,100,
むね肉,むねにく,むね肉,11220,＜鳥肉類＞ にわとり ［若どり・主品目］ むね 皮なし 生,100,
サラダチキン,さらだちきん,さらだちきん,11220,＜鳥肉類＞ にわとり ［若どり・主品目］ むね 皮なし 生,100,市販品は味付けあり。生むね肉で代用。要確認
ささみ,ささみ,ささみ,11227,＜鳥肉類＞ にわとり ［若どり・副品目］ ささみ 生,100,
ササミ,ささみ,ささみ,11227,＜鳥肉類＞ にわとり ［若どり・副品目］ ささみ 生,100,
鶏ひき肉,とりひきにく,鶏ひき肉,11230,＜鳥肉類＞ にわとり ［二次品目］ ひき肉 生,100,
唐揚げ,からあげ,唐揚げ,18054,和風料理 その他 とりから揚げ,100,
から揚げ,からあげ,から揚げ,18054,和風料理 その他 とりから揚げ,100,
からあげ,からあげ,からあげ,18054,和風料理 その他 とりから揚げ,100,
豚ロース,ぶたろーす,豚ろす,11123,＜畜肉類＞ ぶた ［大型種肉］ ロース 脂身つき 生,100,
豚バラ,ぶたばら,豚ばら,11129,＜畜肉類＞ ぶた ［大型種肉］ ばら 脂身つき 生,100,
豚ばら肉,ぶたばらにく,豚ばら肉,11129,＜畜肉類＞ ぶた ［大型種肉］ ばら 脂身つき 生,100,
牛バラ,ぎゅうばら,牛ばら,11074,＜畜肉類＞ うし ［輸入牛肉］ ばら 脂身つき 生,100,
ハム,はむ,はむ,11176,＜畜肉類＞ ぶた ［ハム類］ ロースハム ロースハム,100,
ロースハム,ろーすはむ,ろすはむ,11176,＜畜肉類＞ ぶた ［ハム類］ ロースハム ロースハム,100,
ベーコン,べーこん,べこん,11183,＜畜肉類＞ ぶた ［ベーコン類］ ばらベーコン ばらベーコン ,100,
ウインナー,ういんなー,ういんな,11186,＜畜肉類＞ ぶた ［ソーセージ類］ ウインナーソーセージ ウインナーソーセージ,100,
ウィンナー,うぃんなー,うぃんな,11186,＜畜肉類＞ ぶた ［ソーセージ類］ ウインナーソーセージ ウインナーソーセージ,100,
ソーセージ,そーせーじ,そせじ,11186,＜畜肉類＞ ぶた ［ソーセージ類］ ウインナーソーセージ ウインナーソーセージ,100,
鮭,さけ,鮭,10134,＜魚類＞ （さけ・ます類） しろさけ 生,100,
さけ,さけ,さけ,10134,＜魚類＞ （さけ・ます類） しろさけ 生,100,
サーモン,さーもん,さもん,10134,＜魚類＞ （さけ・ます類） しろさけ 生,100,しろさけで代用。たいせいようさけ（養殖）の方が近い場合あり。要確認
しゃけ,しゃけ,しゃけ,10134,＜魚類＞ （さけ・ます類） しろさけ 生,100,
まぐろ,まぐろ,まぐろ,10253,＜魚類＞ （まぐろ類） くろまぐろ 天然 赤身 生,100,
マグロ,まぐろ,まぐろ,10253,＜魚類＞ （まぐろ類） くろまぐろ 天然 赤身 生,100,
鮪,まぐろ,鮪,10253,＜魚類＞ （まぐろ類） くろまぐろ 天然 赤身 生,100,
さば,さば,さば,10154,＜魚類＞ （さば類） まさば 生,100,
サバ,さば,さば,10154,＜魚類＞ （さば類） まさば 生,100,
鯖,さば,鯖,10154,＜魚類＞ （さば類） まさば 生,100,
あじ,あじ,あじ,10003,＜魚類＞ （あじ類） まあじ 皮つき 生,100,
鯵,あじ,鯵,10003,＜魚類＞ （あじ類） まあじ 皮つき 生,100,
ぶり,ぶり,ぶり,10241,＜魚類＞ ぶり 成魚 生,100,
鰤,ぶり,鰤,10241,＜魚類＞ ぶり 成魚 生,100,
牛乳,ぎゅうにゅう,牛乳,13003,＜牛乳及び乳製品＞ （液状乳類） 普通牛乳,100,
ミルク,みるく,みるく,13003,＜牛乳及び乳製品＞ （液状乳類） 普通牛乳,100,普通牛乳
ヨーグルト,よーぐると,よぐると,13025,＜牛乳及び乳製品＞ （発酵乳・乳酸菌飲料） ヨーグルト 全脂無糖,100,
プレーンヨーグルト,ぷれーんよーぐると,ぷれんよぐると,13025,＜牛乳及び乳製品＞ （発酵乳・乳酸菌飲料） ヨーグルト 全脂無糖,100,
チーズ,ちーず,ちず,13040,＜牛乳及び乳製品＞ （チーズ類） プロセスチーズ,100,プロセスチーズを代表値に
プロセスチーズ,ぷろせすちーず,ぷろせすちず,13040,＜牛乳及び乳製品＞ （チーズ類） プロセスチーズ,100,
バター,ばたー,ばた,14017,（バター類） 無発酵バター 有塩バター,100,有塩バター
納豆,なっとう,納豆,04046,だいず ［納豆類］ 糸引き納豆,100,
なっとう,なっとう,なっとう,04046,だいず ［納豆類］ 糸引き納豆,100,
豆腐,とうふ,豆腐,04032,だいず ［豆腐・油揚げ類］ 木綿豆腐,100,
とうふ,とうふ,とうふ,04032,だいず ［豆腐・油揚げ類］ 木綿豆腐,100,
木綿豆腐,もめんどうふ,木綿豆腐,04032,だいず ［豆腐・油揚げ類］ 木綿豆腐,100,
絹豆腐,きぬどうふ,絹豆腐,04033,だいず ［豆腐・油揚げ類］ 絹ごし豆腐,100,
絹ごし豆腐,きぬごしどうふ,絹ごし豆腐,04033,だいず ［豆腐・油揚げ類］ 絹ごし豆腐,100,
油揚げ,あぶらあげ,油揚げ,04040,だいず ［豆腐・油揚げ類］ 油揚げ 生,100,
豆乳,とうにゅう,豆乳,04052,だいず ［その他］ 豆乳 豆乳,100,
味噌,みそ,味噌,17045,＜調味料類＞ （みそ類） 米みそ 淡色辛みそ,100,
みそ,みそ,みそ,17045,＜調味料類＞ （みそ類） 米みそ 淡色辛みそ,100,
醤油,しょうゆ,醤油,17007,＜調味料類＞ （しょうゆ類） こいくちしょうゆ,100,
しょうゆ,しょうゆ,しょうゆ,17007,＜調味料類＞ （しょうゆ類） こいくちしょうゆ,100,
塩,しお,塩,17012,＜調味料類＞ （食塩類） 食塩,100,
砂糖,さとう,砂糖,03003,（砂糖類） 車糖 上白糖,100,
マヨネーズ,まよねーず,まよねず,17042,＜調味料類＞ （ドレッシング類） 半固体状ドレッシング マヨネーズ 全卵型,100,
マヨ,まよ,まよ,17042,＜調味料類＞ （ドレッシング類） 半固体状ドレッシング マヨネーズ 全卵型,100,
オリーブオイル,おりーぶおいる,おりぶおいる,14001,（植物油脂類） オリーブ油,100,
キャベツ,きゃべつ,きゃべつ,06061,（キャベツ類） キャベツ 結球葉 生,100,
レタス,れたす,れたす,06312,（レタス類） レタス 土耕栽培 結球葉 生,100,
トマト,とまと,とまと,06182,（トマト類） 赤色トマト 果実 生,100,
きゅうり,きゅうり,きゅうり,06065,きゅうり 果実 生,100,
胡瓜,きゅうり,胡瓜,06065,きゅうり 果実 生,100,
玉ねぎ,たまねぎ,玉ねぎ,06153,（たまねぎ類） たまねぎ りん茎 生,100,
たまねぎ,たまねぎ,たまねぎ,06153,（たまねぎ類） たまねぎ りん茎 生,100,
タマネギ,たまねぎ,たまねぎ,06153,（たまねぎ類） たまねぎ りん茎 生,100,
人参,にんじん,人参,06214,（にんじん類） にんじん 根 皮なし 生,100,
にんじん,にんじん,にんじん,06214,（にんじん類） にんじん 根 皮なし 生,100,
ニンジン,にんじん,にんじん,06214,（にんじん類） にんじん 根 皮なし 生,100,
じゃがいも,じゃがいも,じゃがいも,02017,＜いも類＞ じゃがいも 塊茎 皮なし 生,100,
ジャガイモ,じゃがいも,じゃがいも,02017,＜いも類＞ じゃがいも 塊茎 皮なし 生,100,
馬鈴薯,ばれいしょ,馬鈴薯,02017,＜いも類＞ じゃがいも 塊茎 皮なし 生,100,
さつまいも,さつまいも,さつまいも,02006,＜いも類＞ （さつまいも類） さつまいも 塊根 皮なし 生,100,
サツマイモ,さつまいも,さつまいも,02006,＜いも類＞ （さつまいも類） さつまいも 塊根 皮なし 生,100,
ほうれん草,ほうれんそう,ほうれん草,06267,ほうれんそう 葉 通年平均 生,100,
ブロッコリー,ぶろっこりー,ぶろっこり,06263,ブロッコリー 花序 生,100,
もやし,もやし,もやし,06291,（もやし類） りょくとうもやし 生,100,
大根,だいこん,大根,06134,（だいこん類） だいこん 根 皮なし 生,100,
なす,なす,なす,06191,（なす類） なす 果実 生,100,
茄子,なす,茄子,06191,（なす類） なす 果実 生,100,
かぼちゃ,かぼちゃ,かぼちゃ,06048,（かぼちゃ類） 西洋かぼちゃ 果実 生,100,
南瓜,かぼちゃ,南瓜,06048,（かぼちゃ類） 西洋かぼちゃ 果実 生,100,
長ねぎ,ながねぎ,長ねぎ,06226,（ねぎ類） 根深ねぎ 葉 軟白 生,100,
ねぎ,ねぎ,ねぎ,06226,（ねぎ類） 根深ねぎ 葉 軟白 生,100,根深ねぎ（白ねぎ）
しめじ,しめじ,しめじ,08016,（しめじ類） ぶなしめじ 生,100,
まいたけ,まいたけ,まいたけ,08028,まいたけ 生,100,
バナナ,ばなな,ばなな,07107,バナナ 生,100,
りんご,りんご,りんご,07148,りんご 皮なし 生,100,
リンゴ,りんご,りんご,07148,りんご 皮なし 生,100,
林檎,りんご,林檎,07148,りんご 皮なし 生,100,
みかん,みかん,みかん,07027,（かんきつ類） うんしゅうみかん じょうのう 普通 生,100,
ミカン,みかん,みかん,07027,（かんきつ類） うんしゅうみかん じょうのう 普通 生,100,
いちご,いちご,いちご,07012,いちご 生,100,
苺,いちご,苺,07012,いちご 生,100,
ぶどう,ぶどう,ぶどう,07116,ぶどう 皮なし 生,100,
葡萄,ぶどう,葡萄,07116,ぶどう 皮なし 生,100,
キウイ,きうい,きうい,07054,キウイフルーツ 緑肉種 生,100,
アボカド,あぼかど,あぼかど,07006,アボカド 生,100,
餃子,ぎょうざ,餃子,18002,中国料理 点心類 ぎょうざ,100,
ぎょうざ,ぎょうざ,ぎょうざ,18002,中国料理 点心類 ぎょうざ,100,
ギョーザ,ぎょーざ,ぎょざ,18002,中国料理 点心類 ぎょうざ,100,
焼売,しゅうまい,焼売,18012,中国料理 点心類 しゅうまい,100,
シュウマイ,しゅうまい,しゅうまい,18012,中国料理 点心類 しゅうまい,100,
コロッケ,ころっけ,ころっけ,18018,洋風料理 コロッケ類 ポテトコロッケ,100,
ハンバーグ,はんばーぐ,はんばぐ,18050,洋風料理 ハンバーグステーキ類 合いびきハンバーグ,100,
カレー,かれー,かれ,18001,洋風料理 カレー類 ビーフカレー,100,ルウ部分のみ（ごはん別）
カレーライスのルー,かれーらいすのるー,かれらいすのる,18001,洋風料理 カレー類 ビーフカレー,100,
ビーフカレー,びーふかれー,びふかれ,18001,洋風料理 カレー類 ビーフカレー,100,
チキンカレー,ちきんかれー,ちきんかれ,18040,洋風料理 カレー類 チキンカレー,100,
ポークカレー,ぽーくかれー,ぽくかれ,18041,洋風料理 カレー類 ポークカレー,100,
お好み焼き,おこのみやき,お好み焼き,18053,和風料理 その他 お好み焼き,100,
牛丼の具,ぎゅうどんのぐ,牛丼の具,18031,和風料理 煮物類 牛飯の具,100,
牛丼,ぎゅうどん,牛丼,18031,和風料理 煮物類 牛飯の具,100,牛丼そのものは未収載。牛飯の具のみ。ごはんは別途加算が必要
ポテチ,ぽてち,ぽてち,15103,＜スナック類＞ ポテトチップス ポテトチップス,100,
ポテトチップス,ぽてとちっぷす,ぽてとちっぷす,15103,＜スナック類＞ ポテトチップス ポテトチップス,100,
大福,だいふく,大福,15023,＜和生菓子・和半生菓子類＞ 大福もち こしあん入り,100,
ビール,びーる,びる,16006,＜アルコール飲料類＞ （醸造酒類） ビール 淡色,100,
日本酒,にほんしゅ,日本酒,16001,＜アルコール飲料類＞ （醸造酒類） 清酒 普通酒,100,
コーヒー,こーひー,こひ,16045,＜コーヒー・ココア類＞ コーヒー 浸出液,100,
緑茶,りょくちゃ,緑茶,16037,＜茶類＞ （緑茶類） せん茶 浸出液,100,
お茶,おちゃ,お茶,16037,＜茶類＞ （緑茶類） せん茶 浸出液,100,せん茶浸出液を代表値に
