food_group,food_group_label,food_code,official_name,display_name,reading,search_reading,aliases
01,穀類,01088,こめ ［水稲めし］ 精白米 うるち米,精白米（うるち米・水稲めし）,せいはくまい うるちまい すいとうめし,せいはくまいうるちまいすいとうめし,ご飯 / ごはん / 白米（候補1） / ライス / 牛丼（候補2）
01,穀類,01085,こめ ［水稲めし］ 玄米,玄米（水稲めし）,げんまい すいとうめし,げんまいすいとうめし,玄米ご飯 / 玄米
01,穀類,01089,こめ ［水稲めし］ はいが精米,はいが精米（水稲めし）,はいがせいまい すいとうめし,はいがせいまいすいとうめし,胚芽米
01,穀類,01154,こめ ［水稲めし］ 精白米 もち米,精白米（もち米・水稲めし）,せいはくまい もちごめ すいとうめし,せいはくまいもちごめすいとうめし,白米（候補2） / もち米
01,穀類,01026,こむぎ ［パン類］ 角形食パン 食パン,角形食パン,かくがたしょくぱん,かくがたしょくぱん,食パン / トースト
01,穀類,01048,こむぎ ［中華めん類］ 中華めん ゆで,中華めん（ゆで）,ちゅうかめん ゆで,ちゅうかめんゆで,ラーメン / 中華そば
02,いも及びでん粉類,02017,＜いも類＞ じゃがいも 塊茎 皮なし 生,じゃがいも（皮なし・生）,じゃがいも かわなし なま,じゃがいもかわなしなま,じゃがいも / ポテト
03,砂糖及び甘味類,03001,（砂糖類） 黒砂糖,黒砂糖,くろざとう,くろざとう,黒糖
03,砂糖及び甘味類,03033,（その他） はちみつ 国産品,はちみつ（国産）,はちみつ こくさん,はちみつこくさん,蜂蜜
04,豆類,04001,あずき 全粒 乾,あずき（全粒・乾）,あずき ぜんりゅう かん,あずきぜんりゅうかん,
04,豆類,04032,だいず ［豆腐・油揚げ類］ 木綿豆腐,木綿豆腐,もめんどうふ,もめんどうふ,豆腐（候補1）
04,豆類,04046,だいず ［納豆類］ 糸引き納豆,糸引き納豆,いとひきなっとう,いとひきなっとう,納豆
05,種実類,05001,アーモンド 乾,アーモンド（乾）,あーもんど かん,あもんどかん,アーモンド
06,野菜類,06061,（キャベツ類） キャベツ 結球葉 生,キャベツ（生）,きゃべつ なま,きゃべつなま,キャベツ
06,野菜類,06182,（トマト類） 赤色トマト 果実 生,赤色トマト（生）,あかいろとまと なま,あかいろとまとなま,トマト
07,果実類,07012,いちご 生,いちご（生）,いちご なま,いちごなま,イチゴ
07,果実類,07107,バナナ 生,バナナ（生）,ばなな なま,ばなななま,バナナ
08,きのこ類,08001,えのきたけ 生,えのきたけ（生）,えのきたけ なま,えのきたけなま,えのき
09,藻類,09001,あおさ 素干し,あおさ（素干し）,あおさ すぼし,あおさすぼし,アオサ
10,魚介類,10003,＜魚類＞ （あじ類） まあじ 皮つき 生,まあじ（皮つき・生）,まあじ かわつき なま,まあじかわつきなま,アジ / 真あじ
10,魚介類,10134,＜魚類＞ （さけ・ます類） しろさけ 生,しろさけ（生）,しろさけ なま,しろさけなま,サーモン（候補2）
10,魚介類,10144,＜魚類＞ （さけ・ます類） たいせいようさけ 養殖 皮つき 生,たいせいようさけ（養殖・皮つき・生）,たいせいようさけ ようしょく かわつき なま,たいせいようさけようしょくかわつきなま,サーモン（候補1） / アトランティックサーモン
10,魚介類,10253,＜魚類＞ （まぐろ類） くろまぐろ 天然 赤身 生,くろまぐろ（天然・赤身・生）,くろまぐろ てんねん あかみ なま,くろまぐろてんねんあかみなま,本マグロ / マグロ赤身
11,肉類,11001,＜畜肉類＞ いのしし 肉 脂身つき 生,いのしし肉（脂身つき・生）,いのししにく あぶらみつき なま,いのししにくあぶらみつきなま,猪肉
11,肉類,11015,＜畜肉類＞ うし ［和牛肉］ サーロイン 脂身つき 生,和牛 サーロイン（脂身つき・生）,わぎゅう さーろいん あぶらみつき なま,わぎゅうさろいんあぶらみつきなま,サーロイン（候補1）
11,肉類,11016,＜畜肉類＞ うし ［和牛肉］ サーロイン 皮下脂肪なし 生,和牛 サーロイン（皮下脂肪なし・生）,わぎゅう さーろいん ひかしぼうなし なま,わぎゅうさろいんひかしぼうなしなま,和牛サーロイン脂なし
11,肉類,11029,＜畜肉類＞ うし ［和牛肉］ ヒレ 赤肉 生,和牛 ヒレ（赤肉・生）,わぎゅう ひれ あかにく なま,わぎゅうひれあかにくなま,和牛ヒレ / 和牛フィレ / ヒレ（候補1）
11,肉類,11043,＜畜肉類＞ うし ［乳用肥育牛肉］ サーロイン 脂身つき 生,乳用肥育牛 サーロイン（脂身つき・生）,にゅうようひいくぎゅう さーろいん あぶらみつき なま,にゅうようひいくぎゅうさろいんあぶらみつきなま,サーロイン（候補2） / 乳用牛サーロイン
11,肉類,11059,＜畜肉類＞ うし ［乳用肥育牛肉］ ヒレ 赤肉 生,乳用肥育牛 ヒレ（赤肉・生）,にゅうようひいくぎゅう ひれ あかにく なま,にゅうようひいくぎゅうひれあかにくなま,ヒレ（候補2） / 乳用牛ヒレ
11,肉類,11071,＜畜肉類＞ うし ［輸入牛肉］ サーロイン 脂身つき 生,輸入牛 サーロイン（脂身つき・生）,ゆにゅうぎゅう さーろいん あぶらみつき なま,ゆにゅうぎゅうさろいんあぶらみつきなま,サーロイン（候補3） / 輸入サーロイン
11,肉類,11085,＜畜肉類＞ うし ［輸入牛肉］ ヒレ 赤肉 生,輸入牛 ヒレ（赤肉・生）,ゆにゅうぎゅう ひれ あかにく なま,ゆにゅうぎゅうひれあかにくなま,ヒレ（候補3） / 輸入ヒレ
11,肉類,11123,＜畜肉類＞ ぶた ［大型種肉］ ロース 脂身つき 生,豚ロース（大型種・脂身つき・生）,ぶたろーす おおがたしゅ あぶらみつき なま,ぶたろすおおがたしゅあぶらみつきなま,豚ロース
11,肉類,11140,＜畜肉類＞ ぶた ［大型種肉］ ヒレ 赤肉 生,豚ヒレ（大型種・赤肉・生）,ぶたひれ おおがたしゅ あかにく なま,ぶたひれおおがたしゅあかにくなま,ヒレ（候補4） / 豚ヒレ
11,肉類,11220,＜鳥肉類＞ にわとり ［若どり・主品目］ むね 皮なし 生,若鶏むね（皮なし・生）,わかどりむね かわなし なま,わかどりむねかわなしなま,鶏むね（候補1）
11,肉類,11224,＜鳥肉類＞ にわとり ［若どり・主品目］ もも 皮なし 生,若鶏もも（皮なし・生）,わかどりもも かわなし なま,わかどりももかわなしなま,鶏もも
11,肉類,11227,＜鳥肉類＞ にわとり ［若どり・副品目］ ささみ 生,若鶏ささみ（生）,わかどりささみ なま,わかどりささみなま,ささみ / 鶏ささみ
11,肉類,11288,＜鳥肉類＞ にわとり ［若どり・主品目］ むね 皮なし 焼き,若鶏むね（皮なし・焼き）,わかどりむね かわなし やき,わかどりむねかわなしやき,鶏むね（候補2） / 鶏むね焼き
12,卵類,12004,鶏卵 全卵 生,鶏卵（全卵・生）,けいらん ぜんらん なま,けいらんぜんらんなま,生卵
13,乳類,13003,＜牛乳及び乳製品＞ （液状乳類） 普通牛乳,普通牛乳,ふつうぎゅうにゅう,ふつうぎゅうにゅう,牛乳
13,乳類,13025,＜牛乳及び乳製品＞ （発酵乳・乳酸菌飲料） ヨーグルト 全脂無糖,ヨーグルト（全脂無糖）,よーぐると ぜんしむとう,よぐるとぜんしむとう,ヨーグルト
14,油脂類,14001,（植物油脂類） オリーブ油,オリーブ油,おりーぶゆ,おりぶゆ,オリーブオイル
14,油脂類,14017,（バター類） 無発酵バター 有塩バター,有塩バター（無発酵）,ゆうえんばたー むはっこう,ゆうえんばたむはっこう,バター
15,菓子類,15023,＜和生菓子・和半生菓子類＞ 大福もち こしあん入り,大福もち（こしあん）,だいふくもち こしあん,だいふくもちこしあん,大福
16,し好飲料類,16037,＜茶類＞ （緑茶類） せん茶 浸出液,せん茶（浸出液）,せんちゃ しんしゅつえき,せんちゃしんしゅつえき,緑茶 / 煎茶
16,し好飲料類,16045,＜コーヒー・ココア類＞ コーヒー 浸出液,コーヒー（浸出液）,こーひー しんしゅつえき,こひしんしゅつえき,コーヒー
17,調味料及び香辛料類,17001,＜調味料類＞ （ウスターソース類） ウスターソース,ウスターソース,うすたーそーす,うすたそす,ウスターソース
17,調味料及び香辛料類,17042,＜調味料類＞ （ドレッシング類） 半固体状ドレッシング マヨネーズ 全卵型,マヨネーズ（全卵型）,まよねーず ぜんらんがた,まよねずぜんらんがた,マヨネーズ
18,調理済み流通食品類,18001,洋風料理 カレー類 ビーフカレー,ビーフカレー,びーふかれー,びふかれ,ビーフカレー
18,調理済み流通食品類,18031,和風料理 煮物類 牛飯の具,牛飯の具,ぎゅうめしのぐ,ぎゅうめしのぐ,牛丼（候補1）
18,調理済み流通食品類,18057,中国料理 菜類 チャーハン,チャーハン,ちゃーはん,ちゃはん,炒飯 / 焼き飯
